Network,Comments,EVM,Layer,DEXS number,DEXs,Protocols number,Launch date,TVL,Chain ID,safe_protofire,safe_exists,uniswap_fork,uniswap_version,dex_notes,website_found,project_description,why_good_fit,outreach_case,tg_cold,tg_followup,li_connect,li_first,li_followup,research_notes
Eteria,,EVM,L1,1 vol≠tvl,Eteria,1,—,—,140,NO,NO,UNCLEAR,—,Eteria: UNCLEAR — No DEX docs or listing found; existence of a native AMM unconfirmed.,https://eteria.io,"EVM-compatible general-purpose L1 (native token ERA) marketed as low-cost, fast infrastructure for smart contracts and dApps.","Very early, no tracked TVL and an unverified DEX — low immediate value, but a greenfield chain with zero canonical DeFi infra is exactly where a Safe + canonical Uniswap stack can define the ecosystem from day one.",CASE_6,"hey [Name], Vic from Protofire DAO — we deploy core DeFi infra for EVM chains. had a look at Eteria and saw a general-purpose EVM L1 still building out its DeFi base layer. curious what it's built on under the hood? depending on the stack there might be a straightforward path to canonical Uniswap DAO recognition, which gets you prioritized by aggregators like 1inch and adds the official DAO badge. if there isn't a canonical AMM yet, getting a proper Uniswap stack + Safe in early is what makes builders and liquidity take a new L1 seriously. we've done this for BOB, Abstract, Nibiru and others. if it's already a Uniswap fork we can potentially work with what you have. worth a quick chat?","hey [Name], following up — even a quick note on what Eteria runs on would help me tell you if there's a clean path to canonical recognition for Eteria. no pressure.",Hi [Name] — Vic at Protofire DAO. Curious what Eteria's DEX runs on under the hood — there may be a clean path to canonical Uniswap DAO recognition. Worth a chat?,"Thanks for connecting, [Name]. Saw a general-purpose EVM L1 still building out its DeFi base layer on Eteria. if there isn't a canonical AMM yet, getting a proper Uniswap stack + Safe in early is what makes builders and liquidity take a new L1 seriously. Curious what it's built on — depending on the stack there may be a straightforward path to canonical Uniswap DAO recognition (aggregator prioritization + official badge). We've done this for BOB, Abstract, Nibiru. If it's already a Uniswap fork we can work with what you have. Worth a quick chat?","Hey [Name], no rush — if you can point me to Eteria's docs or repo I can tell you quickly whether canonical recognition is on the table for Eteria. Happy either way.","DEX 'Eteria' unverified — confirm a real AMM exists before outreach. No TVL, no chain_id match. Low priority."
Fluent,,EVM,L2,1,FluxFlow V3,3,5/13/2026,"$7,100,124 ",25363,NO,YES,YES,V3,FluxFlow V3: YES/V3 — DefiLlama lists FluxFlow V3; CMC dexscan tags pools as Uniswap v3; site markets concentrated liquidity + tiered fees.,https://www.fluent.xyz,"Ethereum L2 'blended execution' network running EVM, SVM and Wasm natively in one unified zkVM environment.","~$7.1M TVL and Safe already on-chain, but its only DEX (FluxFlow) is a non-canonical Uniswap v3 fork. Strong fit for a canonical-DAO-recognition play so aggregators like 1inch prioritize the chain.",CASE_6,"hey [Name], Vic from Protofire DAO — we deploy core DeFi infra for EVM chains. had a look at Fluent and saw FluxFlow already runs a Uniswap-v3-style DEX, and Safe is live on Fluent. curious what it's built on under the hood? depending on the stack there might be a straightforward path to canonical Uniswap DAO recognition, which gets you prioritized by aggregators like 1inch and adds the official DAO badge. since you're a multi-VM chain courting serious builders, a canonical Uniswap v3 (officially DAO-recognized) is what gets you prioritized by aggregators and treated as blue-chip infra. we've done this for BOB, Abstract, Nibiru and others. if it's already a Uniswap fork we can potentially work with what you have. worth a quick chat?","hey [Name], following up — even a quick note on what FluxFlow V3 runs on would help me tell you if there's a clean path to canonical recognition for Fluent. no pressure.",Hi [Name] — Vic at Protofire DAO. Curious what Fluent's DEX runs on under the hood — there may be a clean path to canonical Uniswap DAO recognition. Worth a chat?,"Thanks for connecting, [Name]. Saw FluxFlow already runs a Uniswap-v3-style DEX, and Safe is live on Fluent on Fluent. since you're a multi-VM chain courting serious builders, a canonical Uniswap v3 (officially DAO-recognized) is what gets you prioritized by aggregators and treated as blue-chip infra. Curious what it's built on — depending on the stack there may be a straightforward path to canonical Uniswap DAO recognition (aggregator prioritization + official badge). We've done this for BOB, Abstract, Nibiru. If it's already a Uniswap fork we can work with what you have. Worth a quick chat?","Hey [Name], no rush — if you can point me to FluxFlow V3's docs or repo I can tell you quickly whether canonical recognition is on the table for Fluent. Happy either way.","Already has a Uniswap v3 fork (FluxFlow) + Safe present. Angle = canonical DAO recognition, not greenfield. CASE_6."
Etica,,EVM,L1,1 vol≠tvl,EticaHub,1,5/12/2026,"$29,363 ",61803,NO,NO,YES,V2,EticaHub: YES/V2 — Described as a Uniswap-V2-style AMM (EticaSwap) modified so every pair routes through ETX as a hub asset.,https://www.eticaprotocol.org,EVM L1 focused on decentralized/open medical research (DeSci) — on-chain peer review and funding of research with EGAZ incentives.,Running a Uniswap-V2-style AMM with no V3. A V3 concentrated-liquidity layer would deepen its thin ETX-hub liquidity and attract active LPs to a niche DeSci economy.,CASE_5,"hey [Name], Vic from Protofire DAO. looked at Etica's DEX setup — you've got EticaHub running on V2 which is solid, but no V3 yet. worth considering: V3's concentrated liquidity attracts a different class of LPs — active managers and yield optimizers. V2 is great for passive liquidity, but V3 is what pulls in sophisticated market makers. for a research-funding token economy, V3 concentrated liquidity would let market makers hold tighter ETX spreads instead of the thin V2 pools you have now. we've deployed V3 on 12+ chains and can layer it on top of your existing V2 — same familiar UI, same stack, just more powerful. usually 2–4 weeks. open to a quick chat?","hey [Name], circling back on the V3 idea for Etica — we can layer it on EticaHub without disrupting your current V2 pools. want me to send a quick scope?",Hi [Name] — Vic at Protofire DAO. Etica has EticaHub on V2 but no V3 yet; V3 is what pulls in active LPs/market makers. We can layer it on. Worth a chat?,"Thanks for connecting, [Name]. Saw Etica runs EticaHub on V2 — solid, but no V3. for a research-funding token economy, V3 concentrated liquidity would let market makers hold tighter ETX spreads instead of the thin V2 pools you have now. V3's concentrated liquidity brings in active managers and yield optimizers that V2 alone won't. We've deployed V3 on 12+ chains and can layer it on your existing V2 (same UI, ~2–4 weeks). Open to a quick chat?","Hey [Name], no rush — whenever you want to give Etica's LPs a V3 option on top of EticaHub, it's a clean add-on for us. Happy to share how it went on other chains.","Niche DeSci chain, low TVL. V2->V3 pitch valid but small deal size."
Igra,,EVM,L1,2,"ZealousSwap, KaspaCom Dex",3,4/8/2026,"$636,179 ",38833,NO,YES,YES;YES,V2;V2,"ZealousSwap: YES/V2 — Multiple sources call it a Uniswap v2 DEX (single pool per pair, 0.3% fee); first DEX on Igra. | KaspaCom Dex: YES/V2 — KaspaCom swap SDK on npm explicitly 'powered by Uniswap V2', supports Igra mainnet.",https://igralabs.com,"Decentralized EVM execution layer/rollup on Kaspa's PoW BlockDAG (gas token iKAS, wrapped from KAS); sub-second finality, launched mainnet 2026.","Fresh Kaspa-EVM chain with ~$636K TVL and Safe already on-chain, but both DEXes are Uniswap V2 only. Prime V2->V3 upgrade candidate as Kaspa DeFi liquidity ramps.",CASE_5,"hey [Name], Vic from Protofire DAO. looked at Igra's DEX setup — you've got ZealousSwap, KaspaCom Dex running on V2 which is solid, but no V3 yet. worth considering: V3's concentrated liquidity attracts a different class of LPs — active managers and yield optimizers. V2 is great for passive liquidity, but V3 is what pulls in sophisticated market makers. as Kaspa liquidity flows into Igra, V3 concentrated liquidity is what lets your MMs quote KAS/iKAS pairs efficiently instead of spreading capital thin across V2 curves. we've deployed V3 on 12+ chains and can layer it on top of your existing V2 — same familiar UI, same stack, just more powerful. usually 2–4 weeks. open to a quick chat?","hey [Name], circling back on the V3 idea for Igra — we can layer it on ZealousSwap, KaspaCom Dex without disrupting your current V2 pools. want me to send a quick scope?","Hi [Name] — Vic at Protofire DAO. Igra has ZealousSwap, KaspaCom Dex on V2 but no V3 yet; V3 is what pulls in active LPs/market makers. We can layer it on. Worth a chat?","Thanks for connecting, [Name]. Saw Igra runs ZealousSwap, KaspaCom Dex on V2 — solid, but no V3. as Kaspa liquidity flows into Igra, V3 concentrated liquidity is what lets your MMs quote KAS/iKAS pairs efficiently instead of spreading capital thin across V2 curves. V3's concentrated liquidity brings in active managers and yield optimizers that V2 alone won't. We've deployed V3 on 12+ chains and can layer it on your existing V2 (same UI, ~2–4 weeks). Open to a quick chat?","Hey [Name], no rush — whenever you want to give Igra's LPs a V3 option on top of ZealousSwap, KaspaCom Dex, it's a clean add-on for us. Happy to share how it went on other chains.",Both DEXes V2-only. Safe present (chain_id 38833 in v1.5.0). Good V2->V3 lead.
BCHyper,,EVM,L1,1,BCSwap,1,4/8/2026,"$35,227 ",3030,NO,NO,UNCLEAR,—,BCSwap: UNCLEAR — Confirmed as the official DEX of BC Hyper Chain but no technical info on fork/version.,https://versatizecoin.com,EVM L1 marketed as 'India's first indigenous' energy-efficient blockchain (native token VTCN).,Small regional-focus chain; DEX architecture unknown. Exploratory conversation to learn what BCSwap runs on before pitching anything concrete.,CASE_6,"hey [Name], Vic from Protofire DAO — we deploy core DeFi infra for EVM chains. had a look at BCHyper and saw BCSwap is your official DEX but its underlying stack isn't public. curious what it's built on under the hood? depending on the stack there might be a straightforward path to canonical Uniswap DAO recognition, which gets you prioritized by aggregators like 1inch and adds the official DAO badge. depending on what BCSwap is built on, there may be a clean path to a canonical Uniswap deployment that gives an emerging-market chain real aggregator visibility. we've done this for BOB, Abstract, Nibiru and others. if it's already a Uniswap fork we can potentially work with what you have. worth a quick chat?","hey [Name], following up — even a quick note on what BCSwap runs on would help me tell you if there's a clean path to canonical recognition for BCHyper. no pressure.",Hi [Name] — Vic at Protofire DAO. Curious what BCHyper's DEX runs on under the hood — there may be a clean path to canonical Uniswap DAO recognition. Worth a chat?,"Thanks for connecting, [Name]. Saw BCSwap is your official DEX but its underlying stack isn't public on BCHyper. depending on what BCSwap is built on, there may be a clean path to a canonical Uniswap deployment that gives an emerging-market chain real aggregator visibility. Curious what it's built on — depending on the stack there may be a straightforward path to canonical Uniswap DAO recognition (aggregator prioritization + official badge). We've done this for BOB, Abstract, Nibiru. If it's already a Uniswap fork we can work with what you have. Worth a quick chat?","Hey [Name], no rush — if you can point me to BCSwap's docs or repo I can tell you quickly whether canonical recognition is on the table for BCHyper. Happy either way.","Fork status unknown. Low TVL, regional. Exploratory only."
QIE,,EVM,L1,1,QIEDex,2,3/10/2026,"$145,925 ",1990,NO,NO,YES,V2,"QIEDex: YES/V2 — Launch release calls it a 'Uniswap-style platform' with 0.3% LP fees and UNI-like governance token — V2 hallmarks, no V3 features mentioned.",https://www.qie.digital,"High-performance EVM (+Cosmos SDK) L1 branding itself the 'Identity Layer of Web3' — fast onboarding, high TPS, near-zero fees.","Uniswap-V2-style DEX, no V3. Identity-focused L1 wanting to look mature to institutions — a canonical V3 upgrade strengthens that positioning.",CASE_5,"hey [Name], Vic from Protofire DAO. looked at QIE's DEX setup — you've got QIEDex running on V2 which is solid, but no V3 yet. worth considering: V3's concentrated liquidity attracts a different class of LPs — active managers and yield optimizers. V2 is great for passive liquidity, but V3 is what pulls in sophisticated market makers. for a chain positioning around identity and institutional onboarding, a canonical V3 signals DeFi maturity to the partners you're courting. we've deployed V3 on 12+ chains and can layer it on top of your existing V2 — same familiar UI, same stack, just more powerful. usually 2–4 weeks. open to a quick chat?","hey [Name], circling back on the V3 idea for QIE — we can layer it on QIEDex without disrupting your current V2 pools. want me to send a quick scope?",Hi [Name] — Vic at Protofire DAO. QIE has QIEDex on V2 but no V3 yet; V3 is what pulls in active LPs/market makers. We can layer it on. Worth a chat?,"Thanks for connecting, [Name]. Saw QIE runs QIEDex on V2 — solid, but no V3. for a chain positioning around identity and institutional onboarding, a canonical V3 signals DeFi maturity to the partners you're courting. V3's concentrated liquidity brings in active managers and yield optimizers that V2 alone won't. We've deployed V3 on 12+ chains and can layer it on your existing V2 (same UI, ~2–4 weeks). Open to a quick chat?","Hey [Name], no rush — whenever you want to give QIE's LPs a V3 option on top of QIEDex, it's a clean add-on for us. Happy to share how it went on other chains.",V2-only per launch materials; not contract-verified. Small TVL.
Doma,,EVM,L2,1,Doma DEX V3,2,2/25/2026,"$520,772 ",97477,NO,YES,YES,V3,Doma DEX V3: YES/V3 — Doma docs state 'Uniswap V3 deployed on Doma Chain' powers fractional-token liquidity.,https://doma.xyz,OP-Stack Ethereum L2 for tokenizing internet domain names as tradable/fractionalizable on-chain RWAs ('DomainFi').,"~$521K TVL, Safe on-chain, and already runs a Uniswap V3 deployment for domain fractionalization. Fit = canonical DAO recognition + deeper routing/graph tooling around the existing V3.",CASE_6,"hey [Name], Vic from Protofire DAO — we deploy core DeFi infra for EVM chains. had a look at Doma and saw you've already deployed Uniswap V3 to power domain-token fractionalization, and Safe is live. curious what it's built on under the hood? depending on the stack there might be a straightforward path to canonical Uniswap DAO recognition, which gets you prioritized by aggregators like 1inch and adds the official DAO badge. since fractionalized-domain tokens live or die on liquidity depth, canonical DAO recognition + a proper routing/graph stack around your V3 would tighten pricing and pull in aggregator flow. we've done this for BOB, Abstract, Nibiru and others. if it's already a Uniswap fork we can potentially work with what you have. worth a quick chat?","hey [Name], following up — even a quick note on what Doma DEX V3 runs on would help me tell you if there's a clean path to canonical recognition for Doma. no pressure.",Hi [Name] — Vic at Protofire DAO. Curious what Doma's DEX runs on under the hood — there may be a clean path to canonical Uniswap DAO recognition. Worth a chat?,"Thanks for connecting, [Name]. Saw you've already deployed Uniswap V3 to power domain-token fractionalization, and Safe is live on Doma. since fractionalized-domain tokens live or die on liquidity depth, canonical DAO recognition + a proper routing/graph stack around your V3 would tighten pricing and pull in aggregator flow. Curious what it's built on — depending on the stack there may be a straightforward path to canonical Uniswap DAO recognition (aggregator prioritization + official badge). We've done this for BOB, Abstract, Nibiru. If it's already a Uniswap fork we can work with what you have. Worth a quick chat?","Hey [Name], no rush — if you can point me to Doma DEX V3's docs or repo I can tell you quickly whether canonical recognition is on the table for Doma. Happy either way.",Already has Uniswap V3 + Safe. CASE_6 canonical-recognition angle. Novel RWA use case.
Pepu,,EVM,L1,1 vol≠tvl,Pepu V3,1,1/26/2026,"$75,526 ",97741,NO,NO,YES,V3,"Pepu V3: YES/V3 — Branded 'Pepu V3', described as Pepe Unchained's Uniswap-equivalent; official docs page 403-blocked so not contract-confirmed.",https://pepeunchained.com,Meme-focused Ethereum L2 (token $PEPU) built for cheap/fast trading with its own DEX and meme-coin launchpad.,Has a Uniswap-v3-style DEX but NO Safe multisig and low (~$76K) TVL. The real gap is Safe — meme L2 treasuries/LPs need multisig custody before serious capital arrives.,CASE_4,"hey [Name], Vic from Protofire DAO. been following Pepu and had a look at the stack. you've got a V3-style DEX (Pepu V3) but no Safe multisig on the chain yet. at this stage the highest-leverage move is probably a proper Safe deployment — it's what signals to protocols, DAOs and bridges that a chain is serious, and it unlocks the kind of TVL that makes a DEX worth running. a meme-L2 treasury and its LP incentive pools really shouldn't sit behind an EOA — a proper Safe is table-stakes before bigger market makers commit. we've deployed Safe for 130+ networks including Gnosis and others — fast to ship, low friction. open to a quick chat?","hey [Name], following up on the Safe idea for Pepu — genuinely low-lift on our end, and it's the piece bridges/protocols look for first. worth a quick call?","Hi [Name] — Vic at Protofire DAO. For Pepu, a proper Safe multisig is probably the highest-leverage next step to signal you're serious. Open to a chat?","Thanks for connecting, [Name]. Had a look at Pepu — you've got a V3-style DEX (Pepu V3) but no Safe multisig on the chain yet. At this stage a proper Safe is the move: it's what protocols, DAOs and bridges look for, and it unlocks the TVL that makes a DEX worth running. a meme-L2 treasury and its LP incentive pools really shouldn't sit behind an EOA — a proper Safe is table-stakes before bigger market makers commit. We've deployed Safe for 130+ networks — fast, low friction. Open to a quick chat?","Hey [Name], no pressure — the Safe deploy is quick and low-cost, and it's usually the unlock for the next stage of an ecosystem. Here whenever you want to scope it.",Has V3 DEX already; gap is Safe (chain_id 97741 not in safe-deployments). Pitch Safe -> CASE_4.
Althea,,EVM,L1,1,Althea DEX,1,1/12/2026,$718 ,258432,NO,NO,NO,—,"Althea DEX (iFi): NO — iFi DEX was forked from Ambient (single-contract DEX), NOT Uniswap; explicitly contrasts itself with Uniswap v3.",https://www.althea.net,Cosmos-SDK hybrid-EVM L1 for infrastructure/connectivity — 'Liquid Infrastructure' tokenizing telecom/broadband assets and micropayments.,"No Safe, minimal (~$718) TVL, and its DEX is an Ambient fork (not Uniswap). At this size the highest-leverage move is a proper Safe to signal seriousness to infra partners.",CASE_4,"hey [Name], Vic from Protofire DAO. been following Althea and had a look at the stack. your DEX runs on Ambient rather than Uniswap, and there's no Safe multisig on the chain. at this stage the highest-leverage move is probably a proper Safe deployment — it's what signals to protocols, DAOs and bridges that a chain is serious, and it unlocks the kind of TVL that makes a DEX worth running. for a chain tokenizing real-world telecom infrastructure, a Safe multisig is what asset partners and DAOs expect before they custody value on you. we've deployed Safe for 130+ networks including Gnosis and others — fast to ship, low friction. open to a quick chat?","hey [Name], following up on the Safe idea for Althea — genuinely low-lift on our end, and it's the piece bridges/protocols look for first. worth a quick call?","Hi [Name] — Vic at Protofire DAO. For Althea, a proper Safe multisig is probably the highest-leverage next step to signal you're serious. Open to a chat?","Thanks for connecting, [Name]. Had a look at Althea — your DEX runs on Ambient rather than Uniswap, and there's no Safe multisig on the chain. At this stage a proper Safe is the move: it's what protocols, DAOs and bridges look for, and it unlocks the TVL that makes a DEX worth running. for a chain tokenizing real-world telecom infrastructure, a Safe multisig is what asset partners and DAOs expect before they custody value on you. We've deployed Safe for 130+ networks — fast, low friction. Open to a quick chat?","Hey [Name], no pressure — the Safe deploy is quick and low-cost, and it's usually the unlock for the next stage of an ecosystem. Here whenever you want to scope it.",DEX is Ambient fork (not Uniswap). No Safe. Minimal TVL. CASE_4 Safe-first.
VirBiCoin,,EVM,L1,1 vol≠tvl,VirBiCoin DEX,1,12/27/2025,"$16,360 ",329,NO,NO,YES,V2,"VirBiCoin DEX: YES/V2 — Described as a Uniswap-V2-style AMM (pools + LP farming); sourcing thin, not contract-audited.",https://virbicoin.com,EVM-compatible Proof-of-Work L1 (token VBC) aimed at metaverse/virtual economies and digital assets; mainnet 2025.,"V2-style AMM, no V3. Small metaverse chain — V3 would improve capital efficiency for its in-world asset markets.",CASE_5,"hey [Name], Vic from Protofire DAO. looked at VirBiCoin's DEX setup — you've got VirBiCoin DEX running on V2 which is solid, but no V3 yet. worth considering: V3's concentrated liquidity attracts a different class of LPs — active managers and yield optimizers. V2 is great for passive liquidity, but V3 is what pulls in sophisticated market makers. for in-world/metaverse asset trading, V3 concentrated liquidity means tighter pricing on your key pairs without needing huge TVL. we've deployed V3 on 12+ chains and can layer it on top of your existing V2 — same familiar UI, same stack, just more powerful. usually 2–4 weeks. open to a quick chat?","hey [Name], circling back on the V3 idea for VirBiCoin — we can layer it on VirBiCoin DEX without disrupting your current V2 pools. want me to send a quick scope?",Hi [Name] — Vic at Protofire DAO. VirBiCoin has VirBiCoin DEX on V2 but no V3 yet; V3 is what pulls in active LPs/market makers. We can layer it on. Worth a chat?,"Thanks for connecting, [Name]. Saw VirBiCoin runs VirBiCoin DEX on V2 — solid, but no V3. for in-world/metaverse asset trading, V3 concentrated liquidity means tighter pricing on your key pairs without needing huge TVL. V3's concentrated liquidity brings in active managers and yield optimizers that V2 alone won't. We've deployed V3 on 12+ chains and can layer it on your existing V2 (same UI, ~2–4 weeks). Open to a quick chat?","Hey [Name], no rush — whenever you want to give VirBiCoin's LPs a V3 option on top of VirBiCoin DEX, it's a clean add-on for us. Happy to share how it went on other chains.","V2-only, not contract-verified. Small PoW metaverse chain."
GRX Chain,,EVM,L1,1 vol≠tvl,GRXswap,1,12/22/2025,"$2,307,291 ",1110,NO,NO,YES,V2,"GRXswap: YES/V2 — GRX docs list a GRXswap v2 Router, Factory and Pair Init Code Hash — classic Uniswap V2 architecture.",https://grxchain.io,"GroveX's EVM-compatible DPoS L1 for consumer dApps and DeFi, targeting ~20k TPS with ultra-low fees.","~$2.3M TVL on a confirmed Uniswap-V2 DEX (v2 router verified) with no V3. Clean, well-documented V2->V3 upgrade lead.",CASE_5,"hey [Name], Vic from Protofire DAO. looked at GRX Chain's DEX setup — you've got GRXswap running on V2 which is solid, but no V3 yet. worth considering: V3's concentrated liquidity attracts a different class of LPs — active managers and yield optimizers. V2 is great for passive liquidity, but V3 is what pulls in sophisticated market makers. you've got real TVL on V2 — layering V3 on top pulls in the active LPs and yield optimizers that a high-throughput consumer chain needs to keep volume onchain. we've deployed V3 on 12+ chains and can layer it on top of your existing V2 — same familiar UI, same stack, just more powerful. usually 2–4 weeks. open to a quick chat?","hey [Name], circling back on the V3 idea for GRX Chain — we can layer it on GRXswap without disrupting your current V2 pools. want me to send a quick scope?",Hi [Name] — Vic at Protofire DAO. GRX Chain has GRXswap on V2 but no V3 yet; V3 is what pulls in active LPs/market makers. We can layer it on. Worth a chat?,"Thanks for connecting, [Name]. Saw GRX Chain runs GRXswap on V2 — solid, but no V3. you've got real TVL on V2 — layering V3 on top pulls in the active LPs and yield optimizers that a high-throughput consumer chain needs to keep volume onchain. V3's concentrated liquidity brings in active managers and yield optimizers that V2 alone won't. We've deployed V3 on 12+ chains and can layer it on your existing V2 (same UI, ~2–4 weeks). Open to a quick chat?","Hey [Name], no rush — whenever you want to give GRX Chain's LPs a V3 option on top of GRXswap, it's a clean add-on for us. Happy to share how it went on other chains.",Confirmed UniV2 (router/factory in docs). Meaningful TVL. Strong V2->V3 lead.
JOC,,EVM,L1,1 vol≠tvl,JOC Dex,1,12/19/2025,$223 ,81,NO,YES,UNCLEAR,—,"JOC Dex: UNCLEAR — Exists and tracked as a small DeFi protocol on JOC, but no source describes its codebase/lineage.",https://www.japanopenchain.org,"EVM-compatible PoA (IBFT) L1 run by a consortium of Japanese enterprises (Sony, NTT, Dentsu), focused on compliant stablecoins and enterprise Web3.","Enterprise-grade Japanese consortium chain with Safe already on-chain; DEX lineage unknown. Exploratory — high-credibility logo, worth understanding their stack.",CASE_6,"hey [Name], Vic from Protofire DAO — we deploy core DeFi infra for EVM chains. had a look at JOC and saw Safe is already live on JOC, but JOC Dex's underlying stack isn't public. curious what it's built on under the hood? depending on the stack there might be a straightforward path to canonical Uniswap DAO recognition, which gets you prioritized by aggregators like 1inch and adds the official DAO badge. for an enterprise consortium chain, a canonical Uniswap deployment (DAO-recognized) adds a compliance-friendly, audited liquidity layer your corporate members can trust. we've done this for BOB, Abstract, Nibiru and others. if it's already a Uniswap fork we can potentially work with what you have. worth a quick chat?","hey [Name], following up — even a quick note on what JOC Dex runs on would help me tell you if there's a clean path to canonical recognition for JOC. no pressure.",Hi [Name] — Vic at Protofire DAO. Curious what JOC's DEX runs on under the hood — there may be a clean path to canonical Uniswap DAO recognition. Worth a chat?,"Thanks for connecting, [Name]. Saw Safe is already live on JOC, but JOC Dex's underlying stack isn't public on JOC. for an enterprise consortium chain, a canonical Uniswap deployment (DAO-recognized) adds a compliance-friendly, audited liquidity layer your corporate members can trust. Curious what it's built on — depending on the stack there may be a straightforward path to canonical Uniswap DAO recognition (aggregator prioritization + official badge). We've done this for BOB, Abstract, Nibiru. If it's already a Uniswap fork we can work with what you have. Worth a quick chat?","Hey [Name], no rush — if you can point me to JOC Dex's docs or repo I can tell you quickly whether canonical recognition is on the table for JOC. Happy either way.","Safe present (chain_id 81). DEX fork unclear. High-credibility enterprise logo -> worth exploratory contact. chain_id 81 in safe-deployments & Protofire repo maps to Astar 'Shibuya', NOT Japan Open Chain — safe match likely a false positive; verify."
ZIGChain,evm ?,EVM,L1,1 vol≠tvl,OroSwap,5,11/5/2025,"$8,246,796 ",—,NO,UNCLEAR,NO,—,"OroSwap: NO — OroSwap is forked from Astroport (Cosmos AMM), not Uniswap; multi-pool AMM + CLMM.",https://zigchain.com,"Cosmos-SDK L1 with EVM compatibility (evmOS), evolved from Zignaly, focused on wealth generation and RWA tokenization / automated strategies.","~$8.2M TVL and a strong RWA narrative, but its DEX is an Astroport (Cosmos) fork and Safe status is unverified (no chain_id). Safe-first, then a canonical EVM-side Uniswap to activate that liquidity.",CASE_3,"hey [Name], Vic from Protofire DAO. looked at ZIGChain's stack before messaging. two things stand out: your DEX (OroSwap) is Astroport-based on the Cosmos side, and I couldn't confirm a Safe on the EVM side. with the TVL you've built on ZIGChain, Safe is honestly the first thing — it's what blue-chip protocols and DAOs require before they deploy on a chain. once that's in, a canonical Uniswap v3 is the natural next step to activate that liquidity. with $8M+ TVL and an RWA focus, a Safe on the EVM side is what institutional RWA partners require, and a canonical Uniswap v3 gives that liquidity an EVM-native home. we've deployed Safe for 130+ networks and Uniswap v2+v3 for BOB, Mode, Abstract, Zora. want to connect our teams?","hey [Name], circling back — given the TVL you've built on ZIGChain, the Safe piece is quick to ship and unblocks the institutional side. worth 15 min?",Hi [Name] — Vic at Protofire DAO. Noticed ZIGChain has real TVL but no Safe multisig yet; that's usually the first blocker for bigger protocols. Worth a chat?,"Thanks for connecting, [Name]. Looked at ZIGChain — your DEX (OroSwap) is Astroport-based on the Cosmos side, and I couldn't confirm a Safe on the EVM side. With the TVL you've built on ZIGChain, Safe is the first thing blue-chip protocols/DAOs check for. with $8M+ TVL and an RWA focus, a Safe on the EVM side is what institutional RWA partners require, and a canonical Uniswap v3 gives that liquidity an EVM-native home. Then a canonical Uniswap v3 activates that liquidity. We've done Safe for 130+ chains and Uniswap for BOB, Mode, Zora. Open to connecting teams?","Hey [Name], no rush — the Safe deployment is low-friction and tends to unlock the TVL that makes the DEX worth running. Happy to scope it whenever.",No chain_id in CSV -> safe_exists UNVERIFIED. DEX = Astroport fork (not Uni). Meaningful TVL. CASE_3; verify Safe + EVM chain_id manually. [no chain_id in source -> safe_exists UNVERIFIED]
Bittensor EVM,no need,EVM,L1,1 vol≠tvl,TaoFi,1,11/4/2025,"$203,639 ",964,NO,YES,YES,V3,"TaoFi: YES/V3 — TaoFi deployed a Uniswap V3 instance (TAO-USDC) on Bittensor EVM, built by Sturdy/Subnet 10 w/ Hyperlane bridging.",https://bittensor.com,EVM execution layer on Bittensor's Subtensor chain — the decentralized-AI network where subnets incentivize machine intelligence.,Already runs a Uniswap V3 (TaoFi) and Safe is on-chain. High-profile decentralized-AI ecosystem — fit is canonical DAO recognition + tooling depth around the existing V3.,CASE_6,"hey [Name], Vic from Protofire DAO — we deploy core DeFi infra for EVM chains. had a look at Bittensor EVM and saw TaoFi already deployed Uniswap V3 for TAO/USDC, and Safe is live. curious what it's built on under the hood? depending on the stack there might be a straightforward path to canonical Uniswap DAO recognition, which gets you prioritized by aggregators like 1inch and adds the official DAO badge. as TAO DeFi grows, canonical DAO recognition + a proper routing/graph stack would make your V3 the default venue aggregators route AI-economy liquidity through. we've done this for BOB, Abstract, Nibiru and others. if it's already a Uniswap fork we can potentially work with what you have. worth a quick chat?","hey [Name], following up — even a quick note on what TaoFi runs on would help me tell you if there's a clean path to canonical recognition for Bittensor EVM. no pressure.",Hi [Name] — Vic at Protofire DAO. Curious what Bittensor EVM's DEX runs on under the hood — there may be a clean path to canonical Uniswap DAO recognition. Worth a chat?,"Thanks for connecting, [Name]. Saw TaoFi already deployed Uniswap V3 for TAO/USDC, and Safe is live on Bittensor EVM. as TAO DeFi grows, canonical DAO recognition + a proper routing/graph stack would make your V3 the default venue aggregators route AI-economy liquidity through. Curious what it's built on — depending on the stack there may be a straightforward path to canonical Uniswap DAO recognition (aggregator prioritization + official badge). We've done this for BOB, Abstract, Nibiru. If it's already a Uniswap fork we can work with what you have. Worth a quick chat?","Hey [Name], no rush — if you can point me to TaoFi's docs or repo I can tell you quickly whether canonical recognition is on the table for Bittensor EVM. Happy either way.",Already has UniV3 (TaoFi) + Safe (chain_id 964). CASE_6 canonical angle. Hot AI narrative.
BESC Hyperchain,"no contacts, looks shit",EVM,L1,1 vol≠tvl,BESCSWAP DEX,2,11/4/2025,"$323,054 ",2372,NO,NO,YES,V2,BESCSWAP DEX: YES/V2 — Forked from Uniswap V2 (UniV2-compatible factory/router); adds farming/lottery/IFO. Confirmed via DefiLlama-Adapters PR.,https://bescswap.com,EVM L1 ('Hyperchain') with instant finality and a meme/DeFi-oriented ecosystem; BESC spans BNB Chain and its own chain.,"Confirmed Uniswap-V2 fork, no V3, ~$323K TVL. Clean V2->V3 upgrade lead.",CASE_5,"hey [Name], Vic from Protofire DAO. looked at BESC Hyperchain's DEX setup — you've got BESCSWAP DEX running on V2 which is solid, but no V3 yet. worth considering: V3's concentrated liquidity attracts a different class of LPs — active managers and yield optimizers. V2 is great for passive liquidity, but V3 is what pulls in sophisticated market makers. V3 on top of your existing V2 gives your meme/DeFi traders tighter pricing and pulls in the active LPs that V2 farming alone won't attract. we've deployed V3 on 12+ chains and can layer it on top of your existing V2 — same familiar UI, same stack, just more powerful. usually 2–4 weeks. open to a quick chat?","hey [Name], circling back on the V3 idea for BESC Hyperchain — we can layer it on BESCSWAP DEX without disrupting your current V2 pools. want me to send a quick scope?",Hi [Name] — Vic at Protofire DAO. BESC Hyperchain has BESCSWAP DEX on V2 but no V3 yet; V3 is what pulls in active LPs/market makers. We can layer it on. Worth a chat?,"Thanks for connecting, [Name]. Saw BESC Hyperchain runs BESCSWAP DEX on V2 — solid, but no V3. V3 on top of your existing V2 gives your meme/DeFi traders tighter pricing and pulls in the active LPs that V2 farming alone won't attract. V3's concentrated liquidity brings in active managers and yield optimizers that V2 alone won't. We've deployed V3 on 12+ chains and can layer it on your existing V2 (same UI, ~2–4 weeks). Open to a quick chat?","Hey [Name], no rush — whenever you want to give BESC Hyperchain's LPs a V3 option on top of BESCSWAP DEX, it's a clean add-on for us. Happy to share how it went on other chains.",Confirmed UniV2 fork. No Safe. CASE_5 V2->V3.
GateLayer,talking now,EVM,L2,2,"Gate Swap, WoofSwap GateLayer",3,10/7/2025,"$2,582,712 ",10088,NO,NO,UNCLEAR;NO,—,"Gate Swap: UNCLEAR — Confirmed as GateLayer's native AMM but no source states its fork base. | WoofSwap GateLayer: NO — ve(3,3)/Solidly-family fork (from Ve33 Finance), not Uniswap.",https://www.gate.io/gatelayer,"Gate.io's EVM-compatible OP-Stack L2 settling on GateChain (GT gas), hosting Gate's native DeFi and Gate Fun launchpad.","~$2.58M TVL, exchange-backed (Gate.io). Gate Swap's lineage is unknown and WoofSwap is Solidly-based. Exploratory to learn Gate Swap's stack; exchange backing = strong potential.",CASE_6,"hey [Name], Vic from Protofire DAO — we deploy core DeFi infra for EVM chains. had a look at GateLayer and saw Gate Swap is your native AMM but its stack isn't public, and WoofSwap is a Solidly ve(3,3) design. curious what it's built on under the hood? depending on the stack there might be a straightforward path to canonical Uniswap DAO recognition, which gets you prioritized by aggregators like 1inch and adds the official DAO badge. an exchange-backed L2 with real TVL is exactly the kind of chain where a canonical Uniswap v3 (DAO-recognized) would lock in aggregator routing and complement Gate's own liquidity. we've done this for BOB, Abstract, Nibiru and others. if it's already a Uniswap fork we can potentially work with what you have. worth a quick chat?","hey [Name], following up — even a quick note on what Gate Swap, WoofSwap GateLayer runs on would help me tell you if there's a clean path to canonical recognition for GateLayer. no pressure.",Hi [Name] — Vic at Protofire DAO. Curious what GateLayer's DEX runs on under the hood — there may be a clean path to canonical Uniswap DAO recognition. Worth a chat?,"Thanks for connecting, [Name]. Saw Gate Swap is your native AMM but its stack isn't public, and WoofSwap is a Solidly ve(3,3) design on GateLayer. an exchange-backed L2 with real TVL is exactly the kind of chain where a canonical Uniswap v3 (DAO-recognized) would lock in aggregator routing and complement Gate's own liquidity. Curious what it's built on — depending on the stack there may be a straightforward path to canonical Uniswap DAO recognition (aggregator prioritization + official badge). We've done this for BOB, Abstract, Nibiru. If it's already a Uniswap fork we can work with what you have. Worth a quick chat?","Hey [Name], no rush — if you can point me to Gate Swap, WoofSwap GateLayer's docs or repo I can tell you quickly whether canonical recognition is on the table for GateLayer. Happy either way.","Gate Swap fork UNCLEAR; WoofSwap=Solidly. Exchange-backed, meaningful TVL. No Safe (chain_id 10088). CASE_6."
Xone Chain,small,EVM,L1,1 vol≠tvl,SwapX Xone Chain,1,10/6/2025,"$6,796 ",3721,NO,NO,YES,BOTH,SwapX Xone Chain: YES/BOTH — SwapX docs: 'built on Uniswap v2/v3 protocols' + Li.Fi aggregation. Effectively a V2+V3 fork.,https://xone.org,"EVM-compatible L1 (with Cosmos modularity, zk privacy features) built around a 'Behavioral Value Incentive' model, emphasizing compliance and institutional adoption.",Already runs a Uniswap v2+v3 fork (SwapX) but has NO Safe and tiny (~$6.8K) TVL. Real gap is Safe — a compliance/institutional chain needs multisig custody to be credible.,CASE_4,"hey [Name], Vic from Protofire DAO. been following Xone Chain and had a look at the stack. SwapX already covers Uniswap v2+v3, but there's no Safe multisig on Xone. at this stage the highest-leverage move is probably a proper Safe deployment — it's what signals to protocols, DAOs and bridges that a chain is serious, and it unlocks the kind of TVL that makes a DEX worth running. for a chain built around compliance and institutional adoption, a Safe multisig is the single most expected piece of custody infra — it's the gap, not the DEX. we've deployed Safe for 130+ networks including Gnosis and others — fast to ship, low friction. open to a quick chat?","hey [Name], following up on the Safe idea for Xone Chain — genuinely low-lift on our end, and it's the piece bridges/protocols look for first. worth a quick call?","Hi [Name] — Vic at Protofire DAO. For Xone Chain, a proper Safe multisig is probably the highest-leverage next step to signal you're serious. Open to a chat?","Thanks for connecting, [Name]. Had a look at Xone Chain — SwapX already covers Uniswap v2+v3, but there's no Safe multisig on Xone. At this stage a proper Safe is the move: it's what protocols, DAOs and bridges look for, and it unlocks the TVL that makes a DEX worth running. for a chain built around compliance and institutional adoption, a Safe multisig is the single most expected piece of custody infra — it's the gap, not the DEX. We've deployed Safe for 130+ networks — fast, low friction. Open to a quick chat?","Hey [Name], no pressure — the Safe deploy is quick and low-cost, and it's usually the unlock for the next stage of an ecosystem. Here whenever you want to scope it.",Has UniV2+V3 (SwapX) already; gap = Safe (chain_id 3721 not in safe-deployments). CASE_4 Safe pitch.
Mezo,to find tg,EVM,L1,2 vol≠tvl,"Tigris Mezo V3, Tigris Mezo V2",9,10/1/2025,"$62,831,759 ",31612,NO,YES,UNCLEAR;UNCLEAR,V3?,"Tigris Mezo V3: UNCLEAR/V3? — ve(3,3) model (veBTC directs emissions); 'V3' = concentrated-liquidity tier, likely UniV3-derived module but fork base not named. | Tigris Mezo V2: UNCLEAR — Standard ve(3,3) constant-product AMM (Solidly/Velodrome family), not a plain Uniswap fork.",https://mezo.org,Bitcoin Economic Layer' by Thesis (tBTC/Fold/Taho) — a BTC-collateralized economy minting the BTC-backed stablecoin MUSD with veBTC and BTC-denominated yield.,"Big ~$62.8M TVL, Safe already on-chain, strong BTCFi backer (Thesis). DEX (Tigris) is a ve(3,3) design whose Uniswap lineage is unconfirmed. High-value exploratory lead.",CASE_6,"hey [Name], Vic from Protofire DAO — we deploy core DeFi infra for EVM chains. had a look at Mezo and saw Safe is already live on Mezo, and Tigris runs a ve(3,3) model whose concentrated-liquidity tier may or may not be Uniswap-derived. curious what it's built on under the hood? depending on the stack there might be a straightforward path to canonical Uniswap DAO recognition, which gets you prioritized by aggregators like 1inch and adds the official DAO badge. with $60M+ in BTC-denominated liquidity, a canonical Uniswap v3 (DAO-recognized) would give MUSD and BTC pairs an aggregator-prioritized venue alongside Tigris's ve(3,3) pools. we've done this for BOB, Abstract, Nibiru and others. if it's already a Uniswap fork we can potentially work with what you have. worth a quick chat?","hey [Name], following up — even a quick note on what Tigris Mezo V3, Tigris Mezo V2 runs on would help me tell you if there's a clean path to canonical recognition for Mezo. no pressure.",Hi [Name] — Vic at Protofire DAO. Curious what Mezo's DEX runs on under the hood — there may be a clean path to canonical Uniswap DAO recognition. Worth a chat?,"Thanks for connecting, [Name]. Saw Safe is already live on Mezo, and Tigris runs a ve(3,3) model whose concentrated-liquidity tier may or may not be Uniswap-derived on Mezo. with $60M+ in BTC-denominated liquidity, a canonical Uniswap v3 (DAO-recognized) would give MUSD and BTC pairs an aggregator-prioritized venue alongside Tigris's ve(3,3) pools. Curious what it's built on — depending on the stack there may be a straightforward path to canonical Uniswap DAO recognition (aggregator prioritization + official badge). We've done this for BOB, Abstract, Nibiru. If it's already a Uniswap fork we can work with what you have. Worth a quick chat?","Hey [Name], no rush — if you can point me to Tigris Mezo V3, Tigris Mezo V2's docs or repo I can tell you quickly whether canonical recognition is on the table for Mezo. Happy either way.","Safe present (chain_id 31612). DEX = ve(3,3), fork base unclear -> CASE_6. Large TVL + strong team = high-priority exploratory."
Peaq,no need,EVM,L1,2,"MachineX CL, MachineX Legacy",3,9/10/2025,"$803,111 ",3338,NO,YES,YES;YES,V3;V2,"MachineX CL: YES/V3 — Built on Ramses V3 Core, explicitly 'based on Uniswap V3'; 'CL' = concentrated liquidity. Audited. | MachineX Legacy: YES/V2 — Docs: legacy pools are 'traditional Uniswap V2 and Stableswap pools with modifications'.",https://www.peaq.xyz,EVM-compatible L1 purpose-built for DePIN (Decentralized Physical Infrastructure) and the 'Machine Economy' (token $PEAQ).,"~$803K TVL, Safe on-chain, and MachineX already provides UniV3 (Ramses) + V2. Leading DePIN chain — fit is canonical DAO recognition around the existing V3.",CASE_6,"hey [Name], Vic from Protofire DAO — we deploy core DeFi infra for EVM chains. had a look at Peaq and saw MachineX already runs Uniswap-v3-based (Ramses) and V2 pools, and Safe is live on peaq. curious what it's built on under the hood? depending on the stack there might be a straightforward path to canonical Uniswap DAO recognition, which gets you prioritized by aggregators like 1inch and adds the official DAO badge. as the machine economy scales, canonical DAO recognition would make MachineX's V3 the aggregator-default venue for DePIN token liquidity. we've done this for BOB, Abstract, Nibiru and others. if it's already a Uniswap fork we can potentially work with what you have. worth a quick chat?","hey [Name], following up — even a quick note on what MachineX CL, MachineX Legacy runs on would help me tell you if there's a clean path to canonical recognition for Peaq. no pressure.",Hi [Name] — Vic at Protofire DAO. Curious what Peaq's DEX runs on under the hood — there may be a clean path to canonical Uniswap DAO recognition. Worth a chat?,"Thanks for connecting, [Name]. Saw MachineX already runs Uniswap-v3-based (Ramses) and V2 pools, and Safe is live on peaq on Peaq. as the machine economy scales, canonical DAO recognition would make MachineX's V3 the aggregator-default venue for DePIN token liquidity. Curious what it's built on — depending on the stack there may be a straightforward path to canonical Uniswap DAO recognition (aggregator prioritization + official badge). We've done this for BOB, Abstract, Nibiru. If it's already a Uniswap fork we can work with what you have. Worth a quick chat?","Hey [Name], no rush — if you can point me to MachineX CL, MachineX Legacy's docs or repo I can tell you quickly whether canonical recognition is on the table for Peaq. Happy either way.",Already UniV3 (Ramses fork) + V2 + Safe (chain_id 3338). CASE_6 canonical angle. Strong DePIN brand.
ENI,,EVM,L1,2,"Dswap, EGAS swap",3,8/11/2025,"$215,562,510 ",173,NO,YES,UNCLEAR;NO,—,Dswap: UNCLEAR — 'Operation flow similar to other public-chain DEXs' — standard AMM but no confirmation it's a Uniswap fork/version. | EGAS swap: NO — Not an AMM — a fixed-rate USDT<->EGAS gas-onboarding utility.,https://eniac.network,"Enterprise-grade modular EVM L1 ('ENI Matrix') aimed at mass commercial adoption, gaming and on-chain apps (gas token EGAS).","Huge reported ~$215.6M TVL and Safe on-chain, but its real AMM (Dswap) has unknown lineage (EGAS swap is just a gas on-ramp). Very high-value exploratory lead — verify TVL and Dswap stack.",CASE_6,"hey [Name], Vic from Protofire DAO — we deploy core DeFi infra for EVM chains. had a look at ENI and saw Safe is already live and Dswap is your main AMM, though its underlying stack isn't documented (EGAS swap is just a gas on-ramp). curious what it's built on under the hood? depending on the stack there might be a straightforward path to canonical Uniswap DAO recognition, which gets you prioritized by aggregators like 1inch and adds the official DAO badge. with the TVL you're carrying, a canonical Uniswap v3 (DAO-recognized) alongside Dswap would give enterprise and gaming partners an audited, aggregator-visible liquidity venue. we've done this for BOB, Abstract, Nibiru and others. if it's already a Uniswap fork we can potentially work with what you have. worth a quick chat?","hey [Name], following up — even a quick note on what Dswap, EGAS swap runs on would help me tell you if there's a clean path to canonical recognition for ENI. no pressure.",Hi [Name] — Vic at Protofire DAO. Curious what ENI's DEX runs on under the hood — there may be a clean path to canonical Uniswap DAO recognition. Worth a chat?,"Thanks for connecting, [Name]. Saw Safe is already live and Dswap is your main AMM, though its underlying stack isn't documented (EGAS swap is just a gas on-ramp) on ENI. with the TVL you're carrying, a canonical Uniswap v3 (DAO-recognized) alongside Dswap would give enterprise and gaming partners an audited, aggregator-visible liquidity venue. Curious what it's built on — depending on the stack there may be a straightforward path to canonical Uniswap DAO recognition (aggregator prioritization + official badge). We've done this for BOB, Abstract, Nibiru. If it's already a Uniswap fork we can work with what you have. Worth a quick chat?","Hey [Name], no rush — if you can point me to Dswap, EGAS swap's docs or repo I can tell you quickly whether canonical recognition is on the table for ENI. Happy either way.",Safe present (chain_id 173). Dswap fork UNCLEAR; EGAS swap not a DEX. TVL $215M looks very large for the profile - VERIFY. CASE_6.
Bitcichain,small,EVM,L1,1 vol≠tvl,SimitciSwap,1,8/7/2025,"$1,127 ",1907,NO,NO,UNCLEAR,—,SimitciSwap: UNCLEAR — Confirmed as a DEX on Bitcichain (AMM with pools) but no source confirms Uniswap fork/version.,https://bitcichain.com,"EVM-compatible PoA L1 by Bitci, built for sports fan tokens, NFTs, loyalty/rewards and merchant payments (coin BITCI).",Sports/fan-token chain with tiny (~$1.1K) TVL and an unverified DEX stack. Exploratory; consumer-brand focus could benefit from polished canonical infra.,CASE_6,"hey [Name], Vic from Protofire DAO — we deploy core DeFi infra for EVM chains. had a look at Bitcichain and saw SimitciSwap is your DEX but its underlying stack isn't public. curious what it's built on under the hood? depending on the stack there might be a straightforward path to canonical Uniswap DAO recognition, which gets you prioritized by aggregators like 1inch and adds the official DAO badge. for a fan-token and loyalty chain, a canonical Uniswap deployment gives your consumer partners a recognizable, audited swap experience. we've done this for BOB, Abstract, Nibiru and others. if it's already a Uniswap fork we can potentially work with what you have. worth a quick chat?","hey [Name], following up — even a quick note on what SimitciSwap runs on would help me tell you if there's a clean path to canonical recognition for Bitcichain. no pressure.",Hi [Name] — Vic at Protofire DAO. Curious what Bitcichain's DEX runs on under the hood — there may be a clean path to canonical Uniswap DAO recognition. Worth a chat?,"Thanks for connecting, [Name]. Saw SimitciSwap is your DEX but its underlying stack isn't public on Bitcichain. for a fan-token and loyalty chain, a canonical Uniswap deployment gives your consumer partners a recognizable, audited swap experience. Curious what it's built on — depending on the stack there may be a straightforward path to canonical Uniswap DAO recognition (aggregator prioritization + official badge). We've done this for BOB, Abstract, Nibiru. If it's already a Uniswap fork we can work with what you have. Worth a quick chat?","Hey [Name], no rush — if you can point me to SimitciSwap's docs or repo I can tell you quickly whether canonical recognition is on the table for Bitcichain. Happy either way.","Fork unclear, minimal TVL, no Safe. Exploratory only."
Botanix,no need + l2 shut down,EVM,L1,2,"Bitzy, Arch Swap",12,7/23/2025,"$155,880 ",3637,YES,YES,NO;YES,V3,"Bitzy: NO — 'First EVM DEX on Bitcoin' — custom build (V2 frontend, V3 aggregator backend), not a clean Uniswap fork. | Arch Swap: YES/V3 — Powered by Algebra Integral (a Uniswap-V3 derivative) — concentrated liquidity + dynamic fees.",https://botanixlabs.com,"Fully EVM-equivalent Bitcoin L2 (Spiderchain) using native BTC as gas, targeting BTCFi.","Protofire deployed Safe here (warm), and Arch Swap runs an Algebra (UniV3-derived) DEX. HOWEVER Botanix announced it is winding down its L2 — likely defunct. Deprioritize despite warm Safe relationship.",CASE_6,"hey [Name], Vic from Protofire DAO — we deploy core DeFi infra for EVM chains. had a look at Botanix and saw we deployed Safe for Botanix, and Arch Swap already runs an Algebra (Uniswap-v3-derived) DEX. curious what it's built on under the hood? depending on the stack there might be a straightforward path to canonical Uniswap DAO recognition, which gets you prioritized by aggregators like 1inch and adds the official DAO badge. we've done this for BOB, Abstract, Nibiru and others. if it's already a Uniswap fork we can potentially work with what you have. worth a quick chat?","hey [Name], following up — even a quick note on what Bitzy, Arch Swap runs on would help me tell you if there's a clean path to canonical recognition for Botanix. no pressure.",Hi [Name] — Vic at Protofire DAO. Curious what Botanix's DEX runs on under the hood — there may be a clean path to canonical Uniswap DAO recognition. Worth a chat?,"Thanks for connecting, [Name]. Saw we deployed Safe for Botanix, and Arch Swap already runs an Algebra (Uniswap-v3-derived) DEX on Botanix. Curious what it's built on — depending on the stack there may be a straightforward path to canonical Uniswap DAO recognition (aggregator prioritization + official badge). We've done this for BOB, Abstract, Nibiru. If it's already a Uniswap fork we can work with what you have. Worth a quick chat?","Hey [Name], no rush — if you can point me to Bitzy, Arch Swap's docs or repo I can tell you quickly whether canonical recognition is on the table for Botanix. Happy either way.","WARM (Protofire Safe). BUT chain announced wind-down (withdrawal deadline ~2026-07-09, now passed). Likely defunct - DO NOT PRIORITIZE. Flag for manual confirmation before any outreach."
DChain,small,EVM,L1,1,OpenBiSea,1,7/10/2025,"$20,381 ",2.72E+15,NO,NO,UNCLEAR,—,"OpenBiSea: UNCLEAR — Primarily an NFT marketplace; swap is a custom reserve-backed contract, not a documented Uniswap-style AMM (leaning not-Uniswap).",https://www.dchain.foundation,"ETH-based L1 built as a SAGA chainlet by DEX Studios (MotoDEX/DexGO), centered on NFTs, gaming and its DTOKEN/DCOIN economy.",Small NFT/gaming chainlet; 'DEX' is really an NFT marketplace with a custom reserve swap. Exploratory — likely a better Safe lead than Uniswap.,CASE_6,"hey [Name], Vic from Protofire DAO — we deploy core DeFi infra for EVM chains. had a look at DChain and saw OpenBiSea is mainly an NFT marketplace with a custom reserve swap rather than a Uniswap-style AMM. curious what it's built on under the hood? depending on the stack there might be a straightforward path to canonical Uniswap DAO recognition, which gets you prioritized by aggregators like 1inch and adds the official DAO badge. if you want a real AMM alongside the NFT marketplace, a canonical Uniswap deployment (plus a Safe for the treasury) would give the gaming economy proper token liquidity. we've done this for BOB, Abstract, Nibiru and others. if it's already a Uniswap fork we can potentially work with what you have. worth a quick chat?","hey [Name], following up — even a quick note on what OpenBiSea runs on would help me tell you if there's a clean path to canonical recognition for DChain. no pressure.",Hi [Name] — Vic at Protofire DAO. Curious what DChain's DEX runs on under the hood — there may be a clean path to canonical Uniswap DAO recognition. Worth a chat?,"Thanks for connecting, [Name]. Saw OpenBiSea is mainly an NFT marketplace with a custom reserve swap rather than a Uniswap-style AMM on DChain. if you want a real AMM alongside the NFT marketplace, a canonical Uniswap deployment (plus a Safe for the treasury) would give the gaming economy proper token liquidity. Curious what it's built on — depending on the stack there may be a straightforward path to canonical Uniswap DAO recognition (aggregator prioritization + official badge). We've done this for BOB, Abstract, Nibiru. If it's already a Uniswap fork we can work with what you have. Worth a quick chat?","Hey [Name], no rush — if you can point me to OpenBiSea's docs or repo I can tell you quickly whether canonical recognition is on the table for DChain. Happy either way.","DEX' is NFT-marketplace/custom reserve swap, not an AMM. No Safe. CASE_6; Safe may be the better angle."
Titan,,EVM,L1,1 vol≠tvl,Hyperion DEX,2,7/2/2025,—,18888,NO,NO,UNCLEAR,—,Hyperion DEX: UNCLEAR — Could not verify a Hyperion DEX on an ETH-based Titan L1; name collides with unrelated Aptos/Cosmos projects.,UNCLEAR,UNCLEAR — 'Titan' collides with several unrelated projects; likely a DEX Studios SAGA chainlet (DChain family) but unconfirmed.,Network identity and DEX both unverified — cannot responsibly pitch. Flag for manual identification before outreach.,CASE_6,"hey [Name], Vic from Protofire DAO — we deploy core DeFi infra for EVM chains. had a look at Titan and saw I want to make sure I've got the right Titan and understand what Hyperion runs on. curious what it's built on under the hood? depending on the stack there might be a straightforward path to canonical Uniswap DAO recognition, which gets you prioritized by aggregators like 1inch and adds the official DAO badge. if there's no canonical AMM yet, a Uniswap deployment plus a Safe would be a strong base to build DeFi on. we've done this for BOB, Abstract, Nibiru and others. if it's already a Uniswap fork we can potentially work with what you have. worth a quick chat?","hey [Name], following up — even a quick note on what Hyperion DEX runs on would help me tell you if there's a clean path to canonical recognition for Titan. no pressure.",Hi [Name] — Vic at Protofire DAO. Curious what Titan's DEX runs on under the hood — there may be a clean path to canonical Uniswap DAO recognition. Worth a chat?,"Thanks for connecting, [Name]. Saw I want to make sure I've got the right Titan and understand what Hyperion runs on on Titan. if there's no canonical AMM yet, a Uniswap deployment plus a Safe would be a strong base to build DeFi on. Curious what it's built on — depending on the stack there may be a straightforward path to canonical Uniswap DAO recognition (aggregator prioritization + official badge). We've done this for BOB, Abstract, Nibiru. If it's already a Uniswap fork we can work with what you have. Worth a quick chat?","Hey [Name], no rush — if you can point me to Hyperion DEX's docs or repo I can tell you quickly whether canonical recognition is on the table for Titan. Happy either way.",IDENTITY UNVERIFIED - 'Titan' + 'Hyperion DEX' could not be confirmed. No website. No TVL. MANUAL REVIEW REQUIRED before any outreach.
Coti,old tg chat,EVM,L1,1,Carbon Defi,6,6/18/2025,"$754,035 ",—,NO,UNCLEAR,NO,—,"Carbon Defi: NO — Carbon DeFi is Bancor tech — an on-chain orderbook/asymmetric-liquidity protocol, explicitly not an AMM and not Uniswap-derived.",https://coti.io,Privacy/confidentiality layer for Web3 using Garbled Circuits + MPC for confidential smart contracts; now positioned as a privacy-centric Ethereum L2 (COTI V2).,"~$754K TVL, notable privacy-tech project, no Uniswap (Carbon is Bancor), and Safe unverified (no chain_id). Safe-first then a canonical Uniswap to complement the orderbook-style Carbon liquidity.",CASE_3,"hey [Name], Vic from Protofire DAO. looked at Coti's stack before messaging. two things stand out: your DEX (Carbon) is Bancor's orderbook-style design rather than a Uniswap AMM, and I couldn't confirm a Safe on the chain. with the TVL you've built on Coti, Safe is honestly the first thing — it's what blue-chip protocols and DAOs require before they deploy on a chain. once that's in, a canonical Uniswap v3 is the natural next step to activate that liquidity. a canonical Uniswap v3 would sit nicely alongside Carbon's limit-order model — AMM depth for passive LPs, Carbon for range orders — and a Safe covers treasury custody for a privacy-focused chain. we've deployed Safe for 130+ networks and Uniswap v2+v3 for BOB, Mode, Abstract, Zora. want to connect our teams?","hey [Name], circling back — given the TVL you've built on Coti, the Safe piece is quick to ship and unblocks the institutional side. worth 15 min?",Hi [Name] — Vic at Protofire DAO. Noticed Coti has real TVL but no Safe multisig yet; that's usually the first blocker for bigger protocols. Worth a chat?,"Thanks for connecting, [Name]. Looked at Coti — your DEX (Carbon) is Bancor's orderbook-style design rather than a Uniswap AMM, and I couldn't confirm a Safe on the chain. With the TVL you've built on Coti, Safe is the first thing blue-chip protocols/DAOs check for. a canonical Uniswap v3 would sit nicely alongside Carbon's limit-order model — AMM depth for passive LPs, Carbon for range orders — and a Safe covers treasury custody for a privacy-focused chain. Then a canonical Uniswap v3 activates that liquidity. We've done Safe for 130+ chains and Uniswap for BOB, Mode, Zora. Open to connecting teams?","Hey [Name], no rush — the Safe deployment is low-friction and tends to unlock the TVL that makes the DEX worth running. Happy to scope it whenever.",No chain_id -> safe_exists UNVERIFIED. DEX = Bancor Carbon (not Uni). Meaningful TVL. CASE_3; verify Safe + EVM chain_id. [no chain_id in source -> safe_exists UNVERIFIED]
Katana,,EVM,L2,2 vol≠tvl,"SushiSwap V3, SushiSwap",27,5/22/2025,"$136,165,433 ",747474,NO,YES,YES;YES,V3;V2,SushiSwap V3: YES/V3 — SushiSwap V3 is a Uniswap V3 fork (concentrated liquidity); live on Katana from day one. | SushiSwap: YES/V2 — Sushi's classic AMM is an established Uniswap V2 fork.,https://katana.network,DeFi-optimized Ethereum L2 (Polygon Labs + GSR; OP stack + AggLayer + ZK) focused on concentrating liquidity; Sushi is its designated spot DEX.,"Large ~$136.2M TVL, Safe on-chain, DeFi-first design — but Sushi (an established Uniswap V2+V3 fork) is the designated DEX. Little room for a competing Uniswap; fit is at most canonical-recognition/tooling. Low priority.",CASE_6,"hey [Name], Vic from Protofire DAO — we deploy core DeFi infra for EVM chains. had a look at Katana and saw Sushi (a Uniswap v2+v3 fork) is your designated DEX and Safe is already live. curious what it's built on under the hood? depending on the stack there might be a straightforward path to canonical Uniswap DAO recognition, which gets you prioritized by aggregators like 1inch and adds the official DAO badge. if you ever want a second canonical venue or deeper routing/graph tooling beyond Sushi, that's where we could help. we've done this for BOB, Abstract, Nibiru and others. if it's already a Uniswap fork we can potentially work with what you have. worth a quick chat?","hey [Name], following up — even a quick note on what SushiSwap V3, SushiSwap runs on would help me tell you if there's a clean path to canonical recognition for Katana. no pressure.",Hi [Name] — Vic at Protofire DAO. Curious what Katana's DEX runs on under the hood — there may be a clean path to canonical Uniswap DAO recognition. Worth a chat?,"Thanks for connecting, [Name]. Saw Sushi (a Uniswap v2+v3 fork) is your designated DEX and Safe is already live on Katana. if you ever want a second canonical venue or deeper routing/graph tooling beyond Sushi, that's where we could help. Curious what it's built on — depending on the stack there may be a straightforward path to canonical Uniswap DAO recognition (aggregator prioritization + official badge). We've done this for BOB, Abstract, Nibiru. If it's already a Uniswap fork we can work with what you have. Worth a quick chat?","Hey [Name], no rush — if you can point me to SushiSwap V3, SushiSwap's docs or repo I can tell you quickly whether canonical recognition is on the table for Katana. Happy either way.",Already has Sushi V2+V3 (Uni forks) + Safe (chain_id 747474). Designated DEX = Sushi. LOW priority. CASE_6.
Xphere,,EVM,L1,1 vol≠tvl,Dopin Protocol,1,5/17/2025,$5 ,20250217,NO,NO,UNCLEAR,—,"Dopin Protocol: UNCLEAR — Real multi-chain DEX (swap/stake/token-factory), feature set consistent with a V2-style fork but unverified; couldn't confirm Xphere deployment specifically.",https://www.x-phere.com,"L1 blockchain using a dual-chain architecture (PoW proof chain + PBFT main chain, ~1s finality, ~4,000 TPS).",Tiny (~$5) TVL and unverified DEX. Exploratory at best — early chain that would need both Safe and canonical Uniswap.,CASE_6,"hey [Name], Vic from Protofire DAO — we deploy core DeFi infra for EVM chains. had a look at Xphere and saw Dopin is your DEX but I couldn't confirm what it runs on. curious what it's built on under the hood? depending on the stack there might be a straightforward path to canonical Uniswap DAO recognition, which gets you prioritized by aggregators like 1inch and adds the official DAO badge. if there's no canonical AMM yet, a Uniswap deployment + Safe is what makes a high-throughput L1 credible to DeFi builders. we've done this for BOB, Abstract, Nibiru and others. if it's already a Uniswap fork we can potentially work with what you have. worth a quick chat?","hey [Name], following up — even a quick note on what Dopin Protocol runs on would help me tell you if there's a clean path to canonical recognition for Xphere. no pressure.",Hi [Name] — Vic at Protofire DAO. Curious what Xphere's DEX runs on under the hood — there may be a clean path to canonical Uniswap DAO recognition. Worth a chat?,"Thanks for connecting, [Name]. Saw Dopin is your DEX but I couldn't confirm what it runs on on Xphere. if there's no canonical AMM yet, a Uniswap deployment + Safe is what makes a high-throughput L1 credible to DeFi builders. Curious what it's built on — depending on the stack there may be a straightforward path to canonical Uniswap DAO recognition (aggregator prioritization + official badge). We've done this for BOB, Abstract, Nibiru. If it's already a Uniswap fork we can work with what you have. Worth a quick chat?","Hey [Name], no rush — if you can point me to Dopin Protocol's docs or repo I can tell you quickly whether canonical recognition is on the table for Xphere. Happy either way.","Fork unclear, ~$5 TVL, no Safe. Very low priority."
OpenGPU,,EVM,L1,1 vol≠tvl,TAKOSWAP,1,5/6/2025,"$55,527 ",—,NO,UNCLEAR,YES,V2,TAKOSWAP: YES/V2 — Documented as a fork of SushiSwap/Uniswap (Sushi classic = UniV2) with yield farming; caveat that the oGPU instance = same codebase is indirect.,https://opengpu.network,"Decentralized GPU-compute network / DePIN for AI, letting users monetize and access GPU power; runs its own oGPU Chain.",TAKOSWAP appears to be a Uniswap-V2/Sushi fork with no V3. Hot AI-DePIN narrative — a V3 upgrade would modernize its swap layer.,CASE_5,"hey [Name], Vic from Protofire DAO. looked at OpenGPU's DEX setup — you've got TAKOSWAP running on V2 which is solid, but no V3 yet. worth considering: V3's concentrated liquidity attracts a different class of LPs — active managers and yield optimizers. V2 is great for passive liquidity, but V3 is what pulls in sophisticated market makers. an AI-compute economy attracts sophisticated capital — V3 concentrated liquidity gives those LPs a reason to provide depth on your token pairs. we've deployed V3 on 12+ chains and can layer it on top of your existing V2 — same familiar UI, same stack, just more powerful. usually 2–4 weeks. open to a quick chat?","hey [Name], circling back on the V3 idea for OpenGPU — we can layer it on TAKOSWAP without disrupting your current V2 pools. want me to send a quick scope?",Hi [Name] — Vic at Protofire DAO. OpenGPU has TAKOSWAP on V2 but no V3 yet; V3 is what pulls in active LPs/market makers. We can layer it on. Worth a chat?,"Thanks for connecting, [Name]. Saw OpenGPU runs TAKOSWAP on V2 — solid, but no V3. an AI-compute economy attracts sophisticated capital — V3 concentrated liquidity gives those LPs a reason to provide depth on your token pairs. V3's concentrated liquidity brings in active managers and yield optimizers that V2 alone won't. We've deployed V3 on 12+ chains and can layer it on your existing V2 (same UI, ~2–4 weeks). Open to a quick chat?","Hey [Name], no rush — whenever you want to give OpenGPU's LPs a V3 option on top of TAKOSWAP, it's a clean add-on for us. Happy to share how it went on other chains.",V2 fork (caveat on codebase identity). No chain_id -> safe UNVERIFIED. AI/DePIN narrative. CASE_5. [no chain_id in source -> safe_exists UNVERIFIED]
Haven1,shut down,EVM,L1,1,Haven1 hSwap,2,4/24/2025,"$6,888 ",8811,NO,NO,YES,V3,"Haven1 hSwap: YES/V3 — Docs: hSwap V2 is 'built upon the advanced features of Uniswap V3' (concentrated liquidity). Native, H1-governed.",https://haven1.org,"Permissioned-yet-decentralized EVM L1 built for DeFi and tokenized RWAs, with identity-gating and MEV prevention ('REKT-resistant').",Already runs a Uniswap-V3-based DEX (hSwap) but has NO Safe and low (~$6.9K) TVL. Gap is Safe — an RWA/identity chain positioning as institution-grade must have multisig custody.,CASE_4,"hey [Name], Vic from Protofire DAO. been following Haven1 and had a look at the stack. hSwap already gives you a Uniswap-v3-based DEX, but there's no Safe multisig on Haven1. at this stage the highest-leverage move is probably a proper Safe deployment — it's what signals to protocols, DAOs and bridges that a chain is serious, and it unlocks the kind of TVL that makes a DEX worth running. for a chain selling itself on safety and RWAs, a Safe multisig is the most conspicuous missing piece — it's what institutions check for before custodying assets. we've deployed Safe for 130+ networks including Gnosis and others — fast to ship, low friction. open to a quick chat?","hey [Name], following up on the Safe idea for Haven1 — genuinely low-lift on our end, and it's the piece bridges/protocols look for first. worth a quick call?","Hi [Name] — Vic at Protofire DAO. For Haven1, a proper Safe multisig is probably the highest-leverage next step to signal you're serious. Open to a chat?","Thanks for connecting, [Name]. Had a look at Haven1 — hSwap already gives you a Uniswap-v3-based DEX, but there's no Safe multisig on Haven1. At this stage a proper Safe is the move: it's what protocols, DAOs and bridges look for, and it unlocks the TVL that makes a DEX worth running. for a chain selling itself on safety and RWAs, a Safe multisig is the most conspicuous missing piece — it's what institutions check for before custodying assets. We've deployed Safe for 130+ networks — fast, low friction. Open to a quick chat?","Hey [Name], no pressure — the Safe deploy is quick and low-cost, and it's usually the unlock for the next stage of an ecosystem. Here whenever you want to scope it.",Has UniV3-based hSwap already; gap = Safe (chain_id 8811 not in safe-deployments). CASE_4 Safe pitch.
Moonchain,,EVM,L1,1 vol≠tvl,Moonchain Swap,1,4/17/2025,"$1,871 ",18686,NO,NO,UNCLEAR,—,Moonchain Swap: UNCLEAR — Described as part of a native cross-chain bridge/swap; reads more like a bridge facility than a constant-product AMM.,https://www.moonchain.com,DePIN network for IoT (formerly MXC) providing secure IoT data transmission via MXProtocol; technically an Arbitrum-based zkEVM L3.,"IoT-DePIN chain with tiny (~$1.9K) TVL; its 'swap' looks like a bridge, not an AMM. Exploratory — likely needs a real DEX + Safe.",CASE_6,"hey [Name], Vic from Protofire DAO — we deploy core DeFi infra for EVM chains. had a look at Moonchain and saw Moonchain Swap looks more like a cross-chain bridge facility than a native AMM. curious what it's built on under the hood? depending on the stack there might be a straightforward path to canonical Uniswap DAO recognition, which gets you prioritized by aggregators like 1inch and adds the official DAO badge. if there's no real AMM on-chain, a canonical Uniswap deployment would give your IoT/DePIN token actual on-chain liquidity, and a Safe covers treasury custody. we've done this for BOB, Abstract, Nibiru and others. if it's already a Uniswap fork we can potentially work with what you have. worth a quick chat?","hey [Name], following up — even a quick note on what Moonchain Swap runs on would help me tell you if there's a clean path to canonical recognition for Moonchain. no pressure.",Hi [Name] — Vic at Protofire DAO. Curious what Moonchain's DEX runs on under the hood — there may be a clean path to canonical Uniswap DAO recognition. Worth a chat?,"Thanks for connecting, [Name]. Saw Moonchain Swap looks more like a cross-chain bridge facility than a native AMM on Moonchain. if there's no real AMM on-chain, a canonical Uniswap deployment would give your IoT/DePIN token actual on-chain liquidity, and a Safe covers treasury custody. Curious what it's built on — depending on the stack there may be a straightforward path to canonical Uniswap DAO recognition (aggregator prioritization + official badge). We've done this for BOB, Abstract, Nibiru. If it's already a Uniswap fork we can work with what you have. Worth a quick chat?","Hey [Name], no rush — if you can point me to Moonchain Swap's docs or repo I can tell you quickly whether canonical recognition is on the table for Moonchain. Happy either way.","Swap' likely a bridge, not AMM. No Safe. Minimal TVL. CASE_6/exploratory."
Prom,,EVM,L2,2 vol≠tvl,"savmSwap, v60",2,4/4/2025,"$507,084 ",277,NO,NO,YES;UNCLEAR,V2;UNKNOWN,"savmSwap: YES/V2 — Multiple sources (DefiLlama, SatoshiVM docs) describe savmSwap as a Uniswap V2 fork, deployed on both Prom and SatoshiVM. | v60: UNCLEAR — swap+LP AMM on Prom (v60.io, DefiLlama ~$113K) but fork lineage unconfirmed; looks V2-style, unverified.",https://prom.io,Modular zkEVM L2 (Polygon CDK) focused on Web3 gaming and NFT marketplaces; native token PROM (formerly Prometeus Network).,~$507K TVL on a V2-era DEX (savmSwap) with no V3 and no Safe — a V3 upgrade plus canonical infra would modernize a gaming/NFT chain's liquidity layer.,CASE_5,"hey [Name], Vic from Protofire DAO. looked at Prom's DEX setup — you've got savmSwap running on V2 which is solid, but no V3 yet. worth considering: V3's concentrated liquidity attracts a different class of LPs — active managers and yield optimizers. V2 is great for passive liquidity, but V3 is what pulls in sophisticated market makers. for a gaming/NFT L2, V3 concentrated liquidity gives market makers tighter pricing on your key pairs as volume ramps. we've deployed V3 on 12+ chains and can layer it on top of your existing V2 — same familiar UI, same stack, just more powerful. usually 2–4 weeks. open to a quick chat?","hey [Name], circling back on the V3 idea for Prom — we can layer it on savmSwap without disrupting your current V2 pools. want me to send a quick scope?",Hi [Name] — Vic at Protofire DAO. Prom has savmSwap on V2 but no V3 yet; V3 is what pulls in active LPs/market makers. We can layer it on. Worth a chat?,"Thanks for connecting, [Name]. Saw Prom runs savmSwap on V2 — solid, but no V3. for a gaming/NFT L2, V3 concentrated liquidity gives market makers tighter pricing on your key pairs as volume ramps. V3's concentrated liquidity brings in active managers and yield optimizers that V2 alone won't. We've deployed V3 on 12+ chains and can layer it on your existing V2 (same UI, ~2–4 weeks). Open to a quick chat?","Hey [Name], no rush — whenever you want to give Prom's LPs a V3 option on top of savmSwap, it's a clean add-on for us. Happy to share how it went on other chains.",savmSwap confirmed UniV2; v60 lineage unclear. No Safe (chain_id 277). ~$507K TVL. V2->V3 lead; Safe also a gap.
HashKey Chain,,EVM,L2,2 vol≠tvl,"DODO AMM, HyperInDex",8,4/1/2025,"$2,079 ",177,NO,YES,NO;UNCLEAR,—,"DODO AMM: NO — DODO uses an oracle-based Proactive Market Maker (PMM), explicitly not a Uniswap AMM fork. | HyperInDex: UNCLEAR — self-described hybrid DEX combining AMM (DODO/PMM-style) + order book; not a clear Uniswap fork.",https://hsk.xyz,"Regulatory-compliant, institutional-grade Ethereum L2 (OP Stack) by HashKey Group bridging TradFi and Web3; gas token HSK.","Safe present and a high-credibility institutional L2, but incumbent DEXes are DODO/orderbook (non-Uniswap) — a canonical Uniswap AMM would seed a compliant spot-liquidity venue. DeFi still nascent (~$2K DEX TVL).",CASE_2,"hey [Name], Vic from Protofire DAO — we build core infra for EVM chains. had a look at HashKey Chain's stack — you've got Safe covered, but no canonical Uniswap DEX yet. your current venues are DODO/orderbook-style, so there's no canonical constant-product AMM for long-tail pairs — and for an institution-grade L2 a DAO-recognized Uniswap is the liquidity layer partners expect. without one, your swap volume is leaking to other chains and your LPs don't have a proper interface to manage positions. we deploy Uniswap v2+v3 end-to-end — contracts, routing API, graph node, frontend, and the canonical DAO governance proposal that gets your DEX officially recognized. done this for BOB, MODE, Abstract, Zora and others. whitelabel on your domain or shared UI — 2–4 weeks either way. open to a quick sync?","hey [Name], following up on the Uniswap idea for HashKey Chain — end-to-end deploy on our side, and it plugs the swap-volume leak. worth a quick call?",Hi [Name] — Vic at Protofire DAO. HashKey Chain has Safe covered but no canonical Uniswap DEX yet; that's usually where swap volume leaks. Worth a chat?,"Thanks for connecting, [Name]. Had a look at HashKey Chain — you've got Safe covered, but no canonical Uniswap DEX yet. your current venues are DODO/orderbook-style, so there's no canonical constant-product AMM for long-tail pairs — and for an institution-grade L2 a DAO-recognized Uniswap is the liquidity layer partners expect. We deploy Uniswap v2+v3 end-to-end — contracts, routing API, graph node, frontend, plus the canonical DAO proposal that gets it officially recognized. Done this for BOB, MODE, Abstract, Zora. Whitelabel or shared UI, ~2–4 weeks. Open to a quick sync?","Hey [Name], no rush — the Uniswap deploy is end-to-end on our side and tends to stop the swap-volume leak to other chains. Here whenever you want to scope it.",DODO=not Uniswap; HyperInDex lineage unclear (PMM+orderbook). Safe present (chain_id 177). DeFi nascent (~$2K TVL) but high-value institutional logo (HashKey Group). CASE_2 cold Uniswap.
MTT Network,,EVM,L1,1 vol≠tvl,Yaakoswap,1,3/24/2025,$8 ,6880,NO,YES,UNCLEAR,UNKNOWN,"Yaakoswap: UNCLEAR — listed on DefiLlama as a DEX on MTT Network with a swap AMM, but no docs/GitHub confirm fork lineage; ~$8 TVL suggests an effectively dormant project.",https://www.mtt.network,MetaDot Mainnet — EVM-compatible chain (Cosmos SDK) purpose-built for e-sports tournaments; native token MTT (chain_id 6880).,Essentially dormant (~$8 TVL) with an unverified DEX — very low near-term value; exploratory at best.,CASE_6,"hey [Name], Vic from Protofire DAO — we deploy core DeFi infra for EVM chains. had a look at MTT Network and saw Yaakoswap is your DEX but its stack isn't documented and on-chain activity looks dormant. curious what it's built on under the hood? depending on the stack there might be a straightforward path to canonical Uniswap DAO recognition, which gets you prioritized by aggregators like 1inch and adds the official DAO badge. if the chain is being revived, a canonical Uniswap + Safe would be the base layer to rebuild DeFi credibility on. we've done this for BOB, Abstract, Nibiru and others. if it's already a Uniswap fork we can potentially work with what you have. worth a quick chat?","hey [Name], following up — even a quick note on what Yaakoswap runs on would help me tell you if there's a clean path to canonical recognition for MTT Network. no pressure.",Hi [Name] — Vic at Protofire DAO. Curious what MTT Network's DEX runs on under the hood — there may be a clean path to canonical Uniswap DAO recognition. Worth a chat?,"Thanks for connecting, [Name]. Saw Yaakoswap is your DEX but its stack isn't documented and on-chain activity looks dormant on MTT Network. if the chain is being revived, a canonical Uniswap + Safe would be the base layer to rebuild DeFi credibility on. Curious what it's built on — depending on the stack there may be a straightforward path to canonical Uniswap DAO recognition (aggregator prioritization + official badge). We've done this for BOB, Abstract, Nibiru. If it's already a Uniswap fork we can work with what you have. Worth a quick chat?","Hey [Name], no rush — if you can point me to Yaakoswap's docs or repo I can tell you quickly whether canonical recognition is on the table for MTT Network. Happy either way.",Yaakoswap lineage unclear; ~$8 TVL = effectively defunct. safe_exists=YES (chain_id 6880). DEPRIORITIZE — confirm the chain is still active before outreach.
WINR,,EVM,L1,1,Camelot V3,2,3/23/2025,"$743,033 ",777777,NO,NO,YES,V3,"Camelot V3: YES/V3 — Camelot V3 is built on Algebra Integral (v1.9) concentrated liquidity, a Uniswap-V3 derivative. Note: much of the reported Camelot/WINR TVL appears to sit on Arbitrum, not the WINR Orbit chain.",https://winr.games,Gaming-focused Arbitrum Orbit L2/L3 (Conduit) powering the WINR on-chain gaming ecosystem; native token WINR (chain_id 777777).,"Runs a Uniswap-V3-derived DEX (Camelot/Algebra) but has NO Safe — the gap is multisig custody. On-chain TVL likely far below the ~$743K listed (Arbitrum-side pairs), so treated as minimal.",CASE_4,"hey [Name], Vic from Protofire DAO. been following WINR and had a look at the stack. you've already got a Uniswap-v3-derived DEX (Camelot on Algebra), but there's no Safe multisig on WINR. at this stage the highest-leverage move is probably a proper Safe deployment — it's what signals to protocols, DAOs and bridges that a chain is serious, and it unlocks the kind of TVL that makes a DEX worth running. for a gaming chain custodying player and treasury funds, a proper Safe multisig is the piece bridges and partners check for before committing. we've deployed Safe for 130+ networks including Gnosis and others — fast to ship, low friction. open to a quick chat?","hey [Name], following up on the Safe idea for WINR — genuinely low-lift on our end, and it's the piece bridges/protocols look for first. worth a quick call?","Hi [Name] — Vic at Protofire DAO. For WINR, a proper Safe multisig is probably the highest-leverage next step to signal you're serious. Open to a chat?","Thanks for connecting, [Name]. Had a look at WINR — you've already got a Uniswap-v3-derived DEX (Camelot on Algebra), but there's no Safe multisig on WINR. At this stage a proper Safe is the move: it's what protocols, DAOs and bridges look for, and it unlocks the TVL that makes a DEX worth running. for a gaming chain custodying player and treasury funds, a proper Safe multisig is the piece bridges and partners check for before committing. We've deployed Safe for 130+ networks — fast, low friction. Open to a quick chat?","Hey [Name], no pressure — the Safe deploy is quick and low-cost, and it's usually the unlock for the next stage of an ecosystem. Here whenever you want to scope it.","Camelot V3 = Algebra (UniV3-derivative). No Safe (chain_id 777777). Listed TVL ~$743K likely Arbitrum-side, not on-chain -> treated as minimal -> CASE_4. Verify on-chain TVL."
Hydra Chain,,EVM,L1,1,Hydradex V3,1,3/12/2025,"$21,000 ",4488,NO,YES,YES,BOTH,HydraDEX: YES/BOTH — official docs describe a Uniswap-V3-compatible concentrated-liquidity AMM with coexisting V2 and V3 pools and hybrid routing (Hydra/LockTrip Medium: 'Hydra DEX Launches Concentrated Liquidity and V3 Pools').,https://hydrachain.org,Permissionless EVM L1 with instant finality and PoSA masternode consensus (LockTrip/LOC team); native token HYDRA (chain_id 4488).,Already runs a full Uniswap V2+V3-style DEX and has Safe — fit is canonical DAO recognition/tooling around the existing stack rather than a net-new DEX. Low TVL (~$21K).,CASE_6,"hey [Name], Vic from Protofire DAO — we deploy core DeFi infra for EVM chains. had a look at Hydra Chain and saw HydraDEX already runs Uniswap-V2+V3-style pools and Safe is live. curious what it's built on under the hood? depending on the stack there might be a straightforward path to canonical Uniswap DAO recognition, which gets you prioritized by aggregators like 1inch and adds the official DAO badge. since you already run V2+V3 pools, the value is canonical DAO recognition — getting your DEX officially recognized so aggregators prioritize it. we've done this for BOB, Abstract, Nibiru and others. if it's already a Uniswap fork we can potentially work with what you have. worth a quick chat?","hey [Name], following up — even a quick note on what HydraDEX runs on would help me tell you if there's a clean path to canonical recognition for Hydra Chain. no pressure.",Hi [Name] — Vic at Protofire DAO. Curious what Hydra Chain's DEX runs on under the hood — there may be a clean path to canonical Uniswap DAO recognition. Worth a chat?,"Thanks for connecting, [Name]. Saw HydraDEX already runs Uniswap-V2+V3-style pools and Safe is live on Hydra Chain. since you already run V2+V3 pools, the value is canonical DAO recognition — getting your DEX officially recognized so aggregators prioritize it. Curious what it's built on — depending on the stack there may be a straightforward path to canonical Uniswap DAO recognition (aggregator prioritization + official badge). We've done this for BOB, Abstract, Nibiru. If it's already a Uniswap fork we can work with what you have. Worth a quick chat?","Hey [Name], no rush — if you can point me to HydraDEX's docs or repo I can tell you quickly whether canonical recognition is on the table for Hydra Chain. Happy either way.",HydraDEX = UniV2+V3-style (own build). Safe present (chain_id 4488). Low TVL. CASE_6 canonical recognition; DEX likely redundant.
Form Network,,EVM,L2,1,Fibonacci Dex,5,2/23/2025,"$5,937 ",478,NO,YES,UNCLEAR,UNKNOWN,Fibonacci Dex: UNCLEAR — the primary DEX on Form (swap + LP pools per Fibonacci docs) but no source confirms V2 vs V3 fork lineage. Name-collision caution vs FibSwap and the separate Fibonacci Network L1.,https://form.network,"Ethereum L2 built for SocialFi (OP Stack + Celestia DA, incubated by Roll Labs); native token FORM (chain_id 478).","Distinctive SocialFi thesis and Safe present, but the incumbent DEX's lineage is unclear and TVL is minimal (~$5.9K) — exploratory.",CASE_6,"hey [Name], Vic from Protofire DAO — we deploy core DeFi infra for EVM chains. had a look at Form Network and saw Fibonacci is your DEX but its underlying stack isn't documented. curious what it's built on under the hood? depending on the stack there might be a straightforward path to canonical Uniswap DAO recognition, which gets you prioritized by aggregators like 1inch and adds the official DAO badge. for a SocialFi L2, a canonical DAO-recognized Uniswap gives your social-token markets an aggregator-visible venue. we've done this for BOB, Abstract, Nibiru and others. if it's already a Uniswap fork we can potentially work with what you have. worth a quick chat?","hey [Name], following up — even a quick note on what Fibonacci Dex runs on would help me tell you if there's a clean path to canonical recognition for Form Network. no pressure.",Hi [Name] — Vic at Protofire DAO. Curious what Form Network's DEX runs on under the hood — there may be a clean path to canonical Uniswap DAO recognition. Worth a chat?,"Thanks for connecting, [Name]. Saw Fibonacci is your DEX but its underlying stack isn't documented on Form Network. for a SocialFi L2, a canonical DAO-recognized Uniswap gives your social-token markets an aggregator-visible venue. Curious what it's built on — depending on the stack there may be a straightforward path to canonical Uniswap DAO recognition (aggregator prioritization + official badge). We've done this for BOB, Abstract, Nibiru. If it's already a Uniswap fork we can work with what you have. Worth a quick chat?","Hey [Name], no rush — if you can point me to Fibonacci Dex's docs or repo I can tell you quickly whether canonical recognition is on the table for Form Network. Happy either way.",Fibonacci lineage unclear (name collisions). Safe present (chain_id 478). Minimal TVL. CASE_6 exploratory.
Story,,EVM,L1,3,"PiperX V3, Story Hunt, PiperX V2",13,2/13/2025,"$632,059 ",1514,NO,YES,YES;YES,BOTH,PiperX: YES/BOTH — sources state PiperX is 'forked from Uniswap' with both standard (V2) and concentrated (V3) pools. | Story Hunt: YES/V3 — StoryHunt docs describe a native AMM 'inspired by Uniswap V3' (concentrated liquidity).,https://www.story.foundation,Purpose-built EVM L1 (EVM + Cosmos SDK) for tokenizing and managing intellectual property ('IPFi'); native token IP (chain_id 1514).,"~$632K TVL, Safe live, and two Uniswap-derived DEXes (PiperX V2+V3, Story Hunt V3) already running — strong fit for canonical DAO recognition + routing/graph tooling.",CASE_6,"hey [Name], Vic from Protofire DAO — we deploy core DeFi infra for EVM chains. had a look at Story and saw PiperX (V2+V3) and Story Hunt (V3) already run Uniswap-derived DEXes and Safe is live. curious what it's built on under the hood? depending on the stack there might be a straightforward path to canonical Uniswap DAO recognition, which gets you prioritized by aggregators like 1inch and adds the official DAO badge. with real IP-token liquidity building, canonical DAO recognition would make your V3 the venue aggregators route IPFi flow through. we've done this for BOB, Abstract, Nibiru and others. if it's already a Uniswap fork we can potentially work with what you have. worth a quick chat?","hey [Name], following up — even a quick note on what PiperX / Story Hunt runs on would help me tell you if there's a clean path to canonical recognition for Story. no pressure.",Hi [Name] — Vic at Protofire DAO. Curious what Story's DEX runs on under the hood — there may be a clean path to canonical Uniswap DAO recognition. Worth a chat?,"Thanks for connecting, [Name]. Saw PiperX (V2+V3) and Story Hunt (V3) already run Uniswap-derived DEXes and Safe is live on Story. with real IP-token liquidity building, canonical DAO recognition would make your V3 the venue aggregators route IPFi flow through. Curious what it's built on — depending on the stack there may be a straightforward path to canonical Uniswap DAO recognition (aggregator prioritization + official badge). We've done this for BOB, Abstract, Nibiru. If it's already a Uniswap fork we can work with what you have. Worth a quick chat?","Hey [Name], no rush — if you can point me to PiperX / Story Hunt's docs or repo I can tell you quickly whether canonical recognition is on the table for Story. Happy either way.","PiperX (BOTH) + Story Hunt (V3), both Uniswap-derived. Safe present (chain_id 1514). ~$632K TVL. Strong CASE_6 canonical-recognition lead."
Stratis,,EVM,L1,1 vol≠tvl,StraxSwap,3,2/7/2025,"$25,725 ",105105,NO,YES,UNCLEAR,UNKNOWN,"StraxSwap: UNCLEAR — confirmed native DEX of the Stratis EVM ecosystem (DefiLlama, straxswap.com) with swaps + LP, but no source confirms Uniswap fork/version. Likely a V2-style AMM, unverified.",https://www.stratisplatform.com,"Enterprise-focused chain that migrated to an EVM-compatible L2 (Stratis EVM), mid-rebrand toward 'Xertra'; native token STRAX (chain_id 105105).","Safe present, but chain is mid-rebrand/migration with low TVL (~$26K) and an unverified DEX stack — exploratory, lower priority.",CASE_6,"hey [Name], Vic from Protofire DAO — we deploy core DeFi infra for EVM chains. had a look at Stratis and saw StraxSwap is your native DEX but its underlying stack isn't documented. curious what it's built on under the hood? depending on the stack there might be a straightforward path to canonical Uniswap DAO recognition, which gets you prioritized by aggregators like 1inch and adds the official DAO badge. as the EVM chain settles post-rebrand, a canonical DAO-recognized Uniswap would give it a credible, aggregator-visible liquidity layer. we've done this for BOB, Abstract, Nibiru and others. if it's already a Uniswap fork we can potentially work with what you have. worth a quick chat?","hey [Name], following up — even a quick note on what StraxSwap runs on would help me tell you if there's a clean path to canonical recognition for Stratis. no pressure.",Hi [Name] — Vic at Protofire DAO. Curious what Stratis's DEX runs on under the hood — there may be a clean path to canonical Uniswap DAO recognition. Worth a chat?,"Thanks for connecting, [Name]. Saw StraxSwap is your native DEX but its underlying stack isn't documented on Stratis. as the EVM chain settles post-rebrand, a canonical DAO-recognized Uniswap would give it a credible, aggregator-visible liquidity layer. Curious what it's built on — depending on the stack there may be a straightforward path to canonical Uniswap DAO recognition (aggregator prioritization + official badge). We've done this for BOB, Abstract, Nibiru. If it's already a Uniswap fork we can work with what you have. Worth a quick chat?","Hey [Name], no rush — if you can point me to StraxSwap's docs or repo I can tell you quickly whether canonical recognition is on the table for Stratis. Happy either way.",StraxSwap lineage unclear. Safe present (chain_id 105105). Mid-rebrand to Xertra; low TVL. CASE_6 exploratory.
Silicon zkEVM,,EVM,L2,2 vol≠tvl,"Fizzswap V3, Fizzswap V2",3,2/7/2025,"$7,743 ",2355,NO,NO,UNCLEAR,UNKNOWN,"Fizzswap V3/V2: UNCLEAR — the V2/V3 split-product naming is the classic pattern for a Uniswap V2+V3 fork pair, and Fizzswap is a native DEX in the Silicon ecosystem, but no primary doc/GitHub confirms the lineage. Strong circumstantial signal, unconfirmed.",https://silicon.network,zkEVM Ethereum L2 on Polygon CDK focused on low-fee dApp deployment (chain_id 2355).,"Polygon-CDK zkEVM where Uniswap deploys cleanly, but tiny TVL (~$7.7K) and no Safe indicate a very early ecosystem — exploratory.",CASE_6,"hey [Name], Vic from Protofire DAO — we deploy core DeFi infra for EVM chains. had a look at Silicon zkEVM and saw Fizzswap already runs V2/V3-style pools but its fork lineage isn't documented. curious what it's built on under the hood? depending on the stack there might be a straightforward path to canonical Uniswap DAO recognition, which gets you prioritized by aggregators like 1inch and adds the official DAO badge. if Fizzswap is Uniswap-based there's likely a clean path to canonical recognition; if not, a canonical Uniswap + Safe would anchor DeFi on a young zkEVM. we've done this for BOB, Abstract, Nibiru and others. if it's already a Uniswap fork we can potentially work with what you have. worth a quick chat?","hey [Name], following up — even a quick note on what Fizzswap runs on would help me tell you if there's a clean path to canonical recognition for Silicon zkEVM. no pressure.",Hi [Name] — Vic at Protofire DAO. Curious what Silicon zkEVM's DEX runs on under the hood — there may be a clean path to canonical Uniswap DAO recognition. Worth a chat?,"Thanks for connecting, [Name]. Saw Fizzswap already runs V2/V3-style pools but its fork lineage isn't documented on Silicon zkEVM. if Fizzswap is Uniswap-based there's likely a clean path to canonical recognition; if not, a canonical Uniswap + Safe would anchor DeFi on a young zkEVM. Curious what it's built on — depending on the stack there may be a straightforward path to canonical Uniswap DAO recognition (aggregator prioritization + official badge). We've done this for BOB, Abstract, Nibiru. If it's already a Uniswap fork we can work with what you have. Worth a quick chat?","Hey [Name], no rush — if you can point me to Fizzswap's docs or repo I can tell you quickly whether canonical recognition is on the table for Silicon zkEVM. Happy either way.",Fizzswap V2/V3 naming suggests UniV2+V3 fork but unconfirmed. No Safe (chain_id 2355). Minimal TVL. CASE_6 exploratory.
Parex,,EVM,L1,1 vol≠tvl,RaccoonSwap,1,1/28/2025,"$14,898 ",322202,NO,NO,UNCLEAR,UNKNOWN,"RaccoonSwap: UNCLEAR — confirmed Parex's native multichain AMM DEX (whitepaper at racconswap.gitbook.io) for PRX swaps/pools, but no source states Uniswap fork/version; single-product (no V2/V3 split) hints at a basic constant-product AMM, unverified.",https://parex.network,EVM-compatible L1 aimed at consumer-friendly DeFi and a dApp/publishing platform; native token PRX (chain_id 322202).,"Small isolated L1 with low TVL (~$15K), a single unverified in-house DEX, and no Safe — exploratory, low priority.",CASE_6,"hey [Name], Vic from Protofire DAO — we deploy core DeFi infra for EVM chains. had a look at Parex and saw RaccoonSwap is your native AMM but its underlying stack isn't documented. curious what it's built on under the hood? depending on the stack there might be a straightforward path to canonical Uniswap DAO recognition, which gets you prioritized by aggregators like 1inch and adds the official DAO badge. if you want PRX markets visible to aggregators, a canonical DAO-recognized Uniswap (plus a Safe) is the credible base. we've done this for BOB, Abstract, Nibiru and others. if it's already a Uniswap fork we can potentially work with what you have. worth a quick chat?","hey [Name], following up — even a quick note on what RaccoonSwap runs on would help me tell you if there's a clean path to canonical recognition for Parex. no pressure.",Hi [Name] — Vic at Protofire DAO. Curious what Parex's DEX runs on under the hood — there may be a clean path to canonical Uniswap DAO recognition. Worth a chat?,"Thanks for connecting, [Name]. Saw RaccoonSwap is your native AMM but its underlying stack isn't documented on Parex. if you want PRX markets visible to aggregators, a canonical DAO-recognized Uniswap (plus a Safe) is the credible base. Curious what it's built on — depending on the stack there may be a straightforward path to canonical Uniswap DAO recognition (aggregator prioritization + official badge). We've done this for BOB, Abstract, Nibiru. If it's already a Uniswap fork we can work with what you have. Worth a quick chat?","Hey [Name], no rush — if you can point me to RaccoonSwap's docs or repo I can tell you quickly whether canonical recognition is on the table for Parex. Happy either way.",RaccoonSwap lineage unclear (in-house AMM). No Safe (chain_id 322202). Low TVL. CASE_6 exploratory.
Zero Network,,EVM,L2,2,"SakuraSwap CLMM, SakuraSwap AMM",2,1/27/2025,"$148,005 ",543210,NO,YES,YES;YES,BOTH,"SakuraSwap CLMM/AMM: YES/BOTH — Protofire's own blog ('SakuraSwap: Building a Uniswap v3 DEX with Protofire') and DefiLlama confirm it's built on Uniswap v3 architecture and fully compatible with the Uniswap v3 interface; CLMM = Uniswap V3 concentrated liquidity, AMM = V2-style pools.",https://zero.network,"ZK Stack (zkSync Elastic Network) Ethereum L2 by the Zerion team, with native account abstraction and gasless UX (chain_id 543210).","~$148K TVL, Safe present, and its flagship DEX (SakuraSwap) is a Uniswap V2+V3 fork BUILT BY PROTOFIRE — a warm relationship; fit is canonical DAO recognition + deeper tooling.",CASE_6,"hey [Name], Vic from Protofire DAO — we deploy core DeFi infra for EVM chains. had a look at Zero Network and saw SakuraSwap — which we built with your team — already runs Uniswap V2+V3, and Safe is live. curious what it's built on under the hood? depending on the stack there might be a straightforward path to canonical Uniswap DAO recognition, which gets you prioritized by aggregators like 1inch and adds the official DAO badge. since we built SakuraSwap on Uniswap v3 with you, the natural next step is canonical DAO recognition so aggregators prioritize it. we've done this for BOB, Abstract, Nibiru and others. if it's already a Uniswap fork we can potentially work with what you have. worth a quick chat?","hey [Name], following up — even a quick note on what SakuraSwap runs on would help me tell you if there's a clean path to canonical recognition for Zero Network. no pressure.",Hi [Name] — Vic at Protofire DAO. Curious what Zero Network's DEX runs on under the hood — there may be a clean path to canonical Uniswap DAO recognition. Worth a chat?,"Thanks for connecting, [Name]. Saw SakuraSwap — which we built with your team — already runs Uniswap V2+V3, and Safe is live on Zero Network. since we built SakuraSwap on Uniswap v3 with you, the natural next step is canonical DAO recognition so aggregators prioritize it. Curious what it's built on — depending on the stack there may be a straightforward path to canonical Uniswap DAO recognition (aggregator prioritization + official badge). We've done this for BOB, Abstract, Nibiru. If it's already a Uniswap fork we can work with what you have. Worth a quick chat?","Hey [Name], no rush — if you can point me to SakuraSwap's docs or repo I can tell you quickly whether canonical recognition is on the table for Zero Network. Happy either way.",SakuraSwap = Protofire-built UniV2+V3 fork (WARM on DEX side). Safe present (chain_id 543210). Source lists safe_protofire=NO but SakuraSwap is Protofire-built — VERIFY warm status. ~$148K TVL. CASE_6.
Superposition,,EVM,L2,2 vol≠tvl,"Camelot V3, Camelot V2",3,1/25/2025,"$77,127 ",55244,NO,YES,YES;YES,BOTH,Camelot V3: YES/V3 — Algebra Integral concentrated liquidity (Uniswap-V3 derivative). | Camelot V2: YES/V2 — Uniswap-V2-style fork. Camelot docs list Superposition as a supported Arbitrum-Orbit chain with V2+V3 pools.,https://superposition.so,"DeFi-focused Arbitrum Orbit L3 built with Arbitrum Stylus (Rust); native Longtail AMM, 'pays-you-to-use' yield (chain_id 55244).","Genuine DeFi chain with Safe and Camelot liquidity (~$77K), but native stack is Stylus/Algebra — a canonical Uniswap would be net-new (non-redundant) but competing; fit is canonical recognition or a second venue.",CASE_6,"hey [Name], Vic from Protofire DAO — we deploy core DeFi infra for EVM chains. had a look at Superposition and saw Camelot (V2 + Algebra V3) and a native Stylus AMM already run here, and Safe is live. curious what it's built on under the hood? depending on the stack there might be a straightforward path to canonical Uniswap DAO recognition, which gets you prioritized by aggregators like 1inch and adds the official DAO badge. your native stack is Stylus/Algebra — a canonical DAO-recognized Uniswap would be a net-new, aggregator-prioritized venue rather than a duplicate. we've done this for BOB, Abstract, Nibiru and others. if it's already a Uniswap fork we can potentially work with what you have. worth a quick chat?","hey [Name], following up — even a quick note on what Camelot / Longtail runs on would help me tell you if there's a clean path to canonical recognition for Superposition. no pressure.",Hi [Name] — Vic at Protofire DAO. Curious what Superposition's DEX runs on under the hood — there may be a clean path to canonical Uniswap DAO recognition. Worth a chat?,"Thanks for connecting, [Name]. Saw Camelot (V2 + Algebra V3) and a native Stylus AMM already run here, and Safe is live on Superposition. your native stack is Stylus/Algebra — a canonical DAO-recognized Uniswap would be a net-new, aggregator-prioritized venue rather than a duplicate. Curious what it's built on — depending on the stack there may be a straightforward path to canonical Uniswap DAO recognition (aggregator prioritization + official badge). We've done this for BOB, Abstract, Nibiru. If it's already a Uniswap fork we can work with what you have. Worth a quick chat?","Hey [Name], no rush — if you can point me to Camelot / Longtail's docs or repo I can tell you quickly whether canonical recognition is on the table for Superposition. Happy either way.",Camelot V2 + V3(Algebra) + native Stylus AMM. Safe present (chain_id 55244). CASE_6; canonical Uniswap would compete with Camelot — position as second venue/recognition.
Artela,,EVM,L1,1,ArtexSwap,3,1/24/2025,—,11820,NO,YES,YES,V2,"ArtexSwap: YES/V2 — Artela/Gate docs state it offers 'basic operations similar to UniswapV2' (constant-product AMM), wrapping standard Uniswap-V2 mechanics with Artela's Aspect security layer (MEV/rug checks) rather than changing swap math.",https://artela.network,Extensible EVM-compatible L1 adding a WASM VM and 'Aspect' native extensions (EVM++) for parallel execution; native token ART (chain_id 11820).,Only DEX is a Uniswap-V2 clone (ArtexSwap) with no V3 — a V3 concentrated-liquidity layer is a clean upgrade for a chain courting sophisticated builders.,CASE_5,"hey [Name], Vic from Protofire DAO. looked at Artela's DEX setup — you've got ArtexSwap running on V2 which is solid, but no V3 yet. worth considering: V3's concentrated liquidity attracts a different class of LPs — active managers and yield optimizers. V2 is great for passive liquidity, but V3 is what pulls in sophisticated market makers. your Aspect/EVM++ security angle pairs well with V3 — concentrated liquidity plus your MEV/rug checks is a strong story for serious market makers. we've deployed V3 on 12+ chains and can layer it on top of your existing V2 — same familiar UI, same stack, just more powerful. usually 2–4 weeks. open to a quick chat?","hey [Name], circling back on the V3 idea for Artela — we can layer it on ArtexSwap without disrupting your current V2 pools. want me to send a quick scope?",Hi [Name] — Vic at Protofire DAO. Artela has ArtexSwap on V2 but no V3 yet; V3 is what pulls in active LPs/market makers. We can layer it on. Worth a chat?,"Thanks for connecting, [Name]. Saw Artela runs ArtexSwap on V2 — solid, but no V3. your Aspect/EVM++ security angle pairs well with V3 — concentrated liquidity plus your MEV/rug checks is a strong story for serious market makers. V3's concentrated liquidity brings in active managers and yield optimizers that V2 alone won't. We've deployed V3 on 12+ chains and can layer it on your existing V2 (same UI, ~2–4 weeks). Open to a quick chat?","Hey [Name], no rush — whenever you want to give Artela's LPs a V3 option on top of ArtexSwap, it's a clean add-on for us. Happy to share how it went on other chains.",ArtexSwap = UniV2 clone (+ Aspect security wrapper). Safe present (chain_id 11820). No tracked TVL. CASE_5 V2->V3.
Waterfall,,EVM,L1,1 vol≠tvl,Aquadex,1,1/6/2025,—,181,NO,YES,NO,—,"Aquadex: NO — described as a Curve-based AMM optimized for low-slippage/stable trading (Curve = not Uniswap); appears early-stage/pre-launch, so live status uncertain.",https://waterfall.network,EVM-compatible L1 BlockDAG using DAG-based fast-finality PoS for scalability; native coin WATER (chain_id 181).,Safe present but the only DEX is Curve-style (stable-focused) and early-stage — a canonical Uniswap AMM would cover the volatile-pair liquidity the Curve design doesn't.,CASE_2,"hey [Name], Vic from Protofire DAO — we build core infra for EVM chains. had a look at Waterfall's stack — you've got Safe covered, but no canonical Uniswap DEX yet. your Aquadex is Curve-style (built for stable pairs) — a canonical Uniswap v2+v3 would give volatile long-tail pairs the venue they're missing. without one, your swap volume is leaking to other chains and your LPs don't have a proper interface to manage positions. we deploy Uniswap v2+v3 end-to-end — contracts, routing API, graph node, frontend, and the canonical DAO governance proposal that gets your DEX officially recognized. done this for BOB, MODE, Abstract, Zora and others. whitelabel on your domain or shared UI — 2–4 weeks either way. open to a quick sync?","hey [Name], following up on the Uniswap idea for Waterfall — end-to-end deploy on our side, and it plugs the swap-volume leak. worth a quick call?",Hi [Name] — Vic at Protofire DAO. Waterfall has Safe covered but no canonical Uniswap DEX yet; that's usually where swap volume leaks. Worth a chat?,"Thanks for connecting, [Name]. Had a look at Waterfall — you've got Safe covered, but no canonical Uniswap DEX yet. your Aquadex is Curve-style (built for stable pairs) — a canonical Uniswap v2+v3 would give volatile long-tail pairs the venue they're missing. We deploy Uniswap v2+v3 end-to-end — contracts, routing API, graph node, frontend, plus the canonical DAO proposal that gets it officially recognized. Done this for BOB, MODE, Abstract, Zora. Whitelabel or shared UI, ~2–4 weeks. Open to a quick sync?","Hey [Name], no rush — the Uniswap deploy is end-to-end on our side and tends to stop the swap-volume leak to other chains. Here whenever you want to scope it.","Aquadex = Curve-based (not Uniswap), early/pre-launch. Safe present (chain_id 181). No tracked TVL. CASE_2 cold Uniswap (complements Curve)."
CrossFi,,EVM,L1,1 vol≠tvl,xSwap DEX,5,1/4/2025,"$39,861 ",4158,YES,YES,UNCLEAR,UNKNOWN,"xSwap DEX: UNCLEAR — CrossFi docs describe xSwap as an AMM DEX (swaps + LPs, incl. xUSD) that presents as a standard constant-product Uniswap-style AMM, but docs don't state V2 vs V3, so lineage/version unverified. (Distinct from the unrelated XSwap on XDC.)",https://crossfi.org,Modular L1 combining Cosmos SDK (consensus) with an EVM execution layer; native token XFI (chain_id 4158).,Warm — Protofire already deployed Safe here (safe_protofire=YES). EVM with real TVL (~$40K) and only an in-house AMM of unknown lineage — canonical Uniswap is a clear add on an existing relationship.,CASE_6,"hey [Name], Vic from Protofire DAO — we deploy core DeFi infra for EVM chains. had a look at CrossFi and saw we deployed your Safe already, and xSwap is your in-house AMM whose stack isn't public. curious what it's built on under the hood? depending on the stack there might be a straightforward path to canonical Uniswap DAO recognition, which gets you prioritized by aggregators like 1inch and adds the official DAO badge. since we already run your Safe, the easy next step is confirming what xSwap is built on and, if useful, adding a canonical DAO-recognized Uniswap. we've done this for BOB, Abstract, Nibiru and others. if it's already a Uniswap fork we can potentially work with what you have. worth a quick chat?","hey [Name], following up — even a quick note on what xSwap DEX runs on would help me tell you if there's a clean path to canonical recognition for CrossFi. no pressure.",Hi [Name] — Vic at Protofire DAO. Curious what CrossFi's DEX runs on under the hood — there may be a clean path to canonical Uniswap DAO recognition. Worth a chat?,"Thanks for connecting, [Name]. Saw we deployed your Safe already, and xSwap is your in-house AMM whose stack isn't public on CrossFi. since we already run your Safe, the easy next step is confirming what xSwap is built on and, if useful, adding a canonical DAO-recognized Uniswap. Curious what it's built on — depending on the stack there may be a straightforward path to canonical Uniswap DAO recognition (aggregator prioritization + official badge). We've done this for BOB, Abstract, Nibiru. If it's already a Uniswap fork we can work with what you have. Worth a quick chat?","Hey [Name], no rush — if you can point me to xSwap DEX's docs or repo I can tell you quickly whether canonical recognition is on the table for CrossFi. Happy either way.","safe_protofire=YES (WARM). xSwap = Uniswap-style AMM, version undocumented -> UNCLEAR. ~$40K TVL. CASE_6 with warm Safe angle."
Odyssey,,EVM,L1,1 vol≠tvl,Diamondswap,3,12/22/2024,"$157,957 ",153153,NO,NO,UNCLEAR,UNKNOWN,"Diamondswap: UNCLEAR — a constant-product AMM (DIONE/USDC, farms) but Dione markets it as 'more than a fork', built on the Diamond Standard (EIP-2535) proxy pattern; custom architecture + vague sourcing means Uniswap lineage can't be confirmed.",https://www.dioneprotocol.com,Dione Protocol's EVM-compatible L1 focused on renewable/green energy and high throughput; gas token DIONE (chain_id 153153).,"Meaningful-ish TVL (~$158K) and no Safe, but the incumbent DEX's bespoke Diamond-Standard design suggests a preference for custom infra — exploratory.",CASE_6,"hey [Name], Vic from Protofire DAO — we deploy core DeFi infra for EVM chains. had a look at Odyssey and saw Diamondswap runs a custom Diamond-Standard (EIP-2535) AMM rather than a documented Uniswap fork. curious what it's built on under the hood? depending on the stack there might be a straightforward path to canonical Uniswap DAO recognition, which gets you prioritized by aggregators like 1inch and adds the official DAO badge. if you'd want an aggregator-recognized venue alongside Diamondswap, a canonical Uniswap (plus a Safe for the treasury) is the standard path. we've done this for BOB, Abstract, Nibiru and others. if it's already a Uniswap fork we can potentially work with what you have. worth a quick chat?","hey [Name], following up — even a quick note on what Diamondswap runs on would help me tell you if there's a clean path to canonical recognition for Odyssey. no pressure.",Hi [Name] — Vic at Protofire DAO. Curious what Odyssey's DEX runs on under the hood — there may be a clean path to canonical Uniswap DAO recognition. Worth a chat?,"Thanks for connecting, [Name]. Saw Diamondswap runs a custom Diamond-Standard (EIP-2535) AMM rather than a documented Uniswap fork on Odyssey. if you'd want an aggregator-recognized venue alongside Diamondswap, a canonical Uniswap (plus a Safe for the treasury) is the standard path. Curious what it's built on — depending on the stack there may be a straightforward path to canonical Uniswap DAO recognition (aggregator prioritization + official badge). We've done this for BOB, Abstract, Nibiru. If it's already a Uniswap fork we can work with what you have. Worth a quick chat?","Hey [Name], no rush — if you can point me to Diamondswap's docs or repo I can tell you quickly whether canonical recognition is on the table for Odyssey. Happy either way.","Diamondswap = custom Diamond-Standard AMM, lineage unclear. No Safe (chain_id 153153). ~$158K TVL. CASE_6 exploratory; Safe also a gap."
DuckChain,,EVM,L1,3 vol≠tvl,"Camelot V3, Camelot V2, DuckSwap",4,12/19/2024,"$1,935 ",—,NO,UNCLEAR,YES;YES;UNCLEAR,BOTH,"Camelot V3: YES/V3 — Algebra V1.9 concentrated liquidity (Uniswap-V3 derivative), deployed on DuckChain. | Camelot V2: YES/V2 — Uniswap-V2 fork. | DuckSwap: UNCLEAR — low-volume native AMM, fork base unconfirmed. Note: DuckChain chain_id = 5545.",https://duckchain.io,EVM-compatible L2 on TON ('Telegram AI Chain') bringing Telegram users into crypto with AI features; native token DUCK (chain_id 5545).,"Already hosts Camelot's full V2+V3 (Algebra) stack, so a canonical Uniswap would be largely redundant; very low TVL (~$1.9K) and unconfirmed Safe — low priority.",CASE_6,"hey [Name], Vic from Protofire DAO — we deploy core DeFi infra for EVM chains. had a look at DuckChain and saw Camelot already runs V2 + Algebra-V3 here (with a native DuckSwap too). curious what it's built on under the hood? depending on the stack there might be a straightforward path to canonical Uniswap DAO recognition, which gets you prioritized by aggregators like 1inch and adds the official DAO badge. with Camelot's V2+V3 already live, the main value is canonical DAO recognition — otherwise it's redundant. we've done this for BOB, Abstract, Nibiru and others. if it's already a Uniswap fork we can potentially work with what you have. worth a quick chat?","hey [Name], following up — even a quick note on what Camelot / DuckSwap runs on would help me tell you if there's a clean path to canonical recognition for DuckChain. no pressure.",Hi [Name] — Vic at Protofire DAO. Curious what DuckChain's DEX runs on under the hood — there may be a clean path to canonical Uniswap DAO recognition. Worth a chat?,"Thanks for connecting, [Name]. Saw Camelot already runs V2 + Algebra-V3 here (with a native DuckSwap too) on DuckChain. with Camelot's V2+V3 already live, the main value is canonical DAO recognition — otherwise it's redundant. Curious what it's built on — depending on the stack there may be a straightforward path to canonical Uniswap DAO recognition (aggregator prioritization + official badge). We've done this for BOB, Abstract, Nibiru. If it's already a Uniswap fork we can work with what you have. Worth a quick chat?","Hey [Name], no rush — if you can point me to Camelot / DuckSwap's docs or repo I can tell you quickly whether canonical recognition is on the table for DuckChain. Happy either way.",Camelot V2+V3(Algebra) already present; DuckSwap unclear. chain_id 5545 (blank in source). safe_exists UNCLEAR. ~$1.9K TVL. LOW priority CASE_6.
QL1,,EVM,L1,1 vol≠tvl,QOMSWAP,1,12/19/2024,—,—,NO,UNCLEAR,YES,V2,"QOMSWAP: YES/V2 — QL1's native DEX; the QL1 explorer lists its LP/router token as 'QSWAP-V2' and it runs standard swap/LP/farm AMM features, consistent with a Uniswap-V2 fork (V2 naming + feature set; not code-audited).",https://qom.one,Community-driven L1 combining EVM with the Cosmos ecosystem and IBC; native token QOM.,"V2-style DEX (QOMSWAP), no V3 — a V3 upgrade would modernize its swap layer; sparse public docs and unverified TVL make it lower-confidence.",CASE_5,"hey [Name], Vic from Protofire DAO. looked at QL1's DEX setup — you've got QOMSWAP running on V2 which is solid, but no V3 yet. worth considering: V3's concentrated liquidity attracts a different class of LPs — active managers and yield optimizers. V2 is great for passive liquidity, but V3 is what pulls in sophisticated market makers. layering V3 on top gives your QOM markets tighter pricing and pulls in active LPs that V2 farming alone won't. we've deployed V3 on 12+ chains and can layer it on top of your existing V2 — same familiar UI, same stack, just more powerful. usually 2–4 weeks. open to a quick chat?","hey [Name], circling back on the V3 idea for QL1 — we can layer it on QOMSWAP without disrupting your current V2 pools. want me to send a quick scope?",Hi [Name] — Vic at Protofire DAO. QL1 has QOMSWAP on V2 but no V3 yet; V3 is what pulls in active LPs/market makers. We can layer it on. Worth a chat?,"Thanks for connecting, [Name]. Saw QL1 runs QOMSWAP on V2 — solid, but no V3. layering V3 on top gives your QOM markets tighter pricing and pulls in active LPs that V2 farming alone won't. V3's concentrated liquidity brings in active managers and yield optimizers that V2 alone won't. We've deployed V3 on 12+ chains and can layer it on your existing V2 (same UI, ~2–4 weeks). Open to a quick chat?","Hey [Name], no rush — whenever you want to give QL1's LPs a V3 option on top of QOMSWAP, it's a clean add-on for us. Happy to share how it went on other chains.","QOMSWAP = UniV2 (per 'QSWAP-V2' naming). safe_exists UNCLEAR; chain_id not in source. No tracked TVL. CASE_5 V2->V3; lower-confidence, verify."
VinuChain,,EVM,L1,1 vol≠tvl,VinuSwap,2,12/13/2024,"$9,605 ",207,NO,NO,YES,V3,"VinuSwap: YES/V3 — VinuSwap docs/repo describe a thin fork of Uniswap v3, importing tick/sqrt-price/liquidity/fee-growth math unmodified from Uniswap V3 core, with concentrated liquidity + custom fee-manager (vinu.gitbook.io/vinuswap).",https://www.vinuchain.org,"EVM-compatible L1 with a 'Determinably Feeless' model (stakers get feeless txs), from the Vita Inu (VINU) memecoin ecosystem; native token VC (chain_id 207).",Already runs a Uniswap-V3 fork (VinuSwap) but has NO Safe and tiny TVL (~$9.6K) — the real gap is multisig custody before capital scales.,CASE_4,"hey [Name], Vic from Protofire DAO. been following VinuChain and had a look at the stack. VinuSwap already gives you a Uniswap-v3 fork, but there's no Safe multisig on VinuChain. at this stage the highest-leverage move is probably a proper Safe deployment — it's what signals to protocols, DAOs and bridges that a chain is serious, and it unlocks the kind of TVL that makes a DEX worth running. a memecoin-origin treasury and its LP pools really shouldn't sit behind an EOA — a proper Safe is table-stakes before bigger market makers commit. we've deployed Safe for 130+ networks including Gnosis and others — fast to ship, low friction. open to a quick chat?","hey [Name], following up on the Safe idea for VinuChain — genuinely low-lift on our end, and it's the piece bridges/protocols look for first. worth a quick call?","Hi [Name] — Vic at Protofire DAO. For VinuChain, a proper Safe multisig is probably the highest-leverage next step to signal you're serious. Open to a chat?","Thanks for connecting, [Name]. Had a look at VinuChain — VinuSwap already gives you a Uniswap-v3 fork, but there's no Safe multisig on VinuChain. At this stage a proper Safe is the move: it's what protocols, DAOs and bridges look for, and it unlocks the TVL that makes a DEX worth running. a memecoin-origin treasury and its LP pools really shouldn't sit behind an EOA — a proper Safe is table-stakes before bigger market makers commit. We've deployed Safe for 130+ networks — fast, low friction. Open to a quick chat?","Hey [Name], no pressure — the Safe deploy is quick and low-cost, and it's usually the unlock for the next stage of an ecosystem. Here whenever you want to scope it.",VinuSwap = thin UniV3 fork. No Safe (chain_id 207). ~$9.6K TVL. CASE_4 Safe pitch.
Shido,,EVM,L1,2 vol≠tvl,"Shido Dex V3, Shido Dex V2",2,11/15/2024,"$905,660 ",—,NO,UNCLEAR,YES;YES,BOTH,Shido Dex V3/V2: YES/BOTH — Shido runs open-source repos (ShidoGlobal/shido-liquidity-pool[-core]) deployed with ChainId.SHIDO and a Uniswap-style 'v3-subgraph' indexer; combined with the V2/V3 product split this indicates a Uniswap V2+V3 fork (README not directly fetchable — strong circumstantial evidence).,https://shido.io,EVM-compatible (also WASM/IBC/Cosmos) high-performance L1 PoS chain for DeFi; native token SHIDO (chain_id tentatively 9008).,Healthy TVL (~$906K) with a native Uniswap-style V2+V3 AMM — strong fit for canonical DAO recognition; Safe status and chain_id need verification.,CASE_6,"hey [Name], Vic from Protofire DAO — we deploy core DeFi infra for EVM chains. had a look at Shido and saw Shido Dex already runs Uniswap-style V2 and V3 pools. curious what it's built on under the hood? depending on the stack there might be a straightforward path to canonical Uniswap DAO recognition, which gets you prioritized by aggregators like 1inch and adds the official DAO badge. with ~$900K TVL on a native Uniswap-style DEX, canonical DAO recognition is what gets it aggregator-prioritized. we've done this for BOB, Abstract, Nibiru and others. if it's already a Uniswap fork we can potentially work with what you have. worth a quick chat?","hey [Name], following up — even a quick note on what Shido Dex runs on would help me tell you if there's a clean path to canonical recognition for Shido. no pressure.",Hi [Name] — Vic at Protofire DAO. Curious what Shido's DEX runs on under the hood — there may be a clean path to canonical Uniswap DAO recognition. Worth a chat?,"Thanks for connecting, [Name]. Saw Shido Dex already runs Uniswap-style V2 and V3 pools on Shido. with ~$900K TVL on a native Uniswap-style DEX, canonical DAO recognition is what gets it aggregator-prioritized. Curious what it's built on — depending on the stack there may be a straightforward path to canonical Uniswap DAO recognition (aggregator prioritization + official badge). We've done this for BOB, Abstract, Nibiru. If it's already a Uniswap fork we can work with what you have. Worth a quick chat?","Hey [Name], no rush — if you can point me to Shido Dex's docs or repo I can tell you quickly whether canonical recognition is on the table for Shido. Happy either way.",Shido Dex V2+V3 = Uniswap fork (circumstantial: repos + v3-subgraph). chain_id UNKNOWN in source (tentatively 9008 — VERIFY). safe_exists UNCLEAR -> verify/deploy Safe. ~$906K TVL. CASE_6.
Asset Chain,,EVM,L1,1,Asset Chain Swap,2,11/6/2024,"$166,132 ",42420,NO,NO,YES,V3,Asset Chain Swap: YES/V3 — classified on DefiLlama/aggregators as a Uniswap V3 fork (AMM) on Asset Chain.,https://xend.finance,Xend Finance's PoS EVM L1 built for Real-World Assets (RWA); ecosystem token RWA (formerly XEND) (chain_id 42420).,"Runs a Uniswap-V3 fork but has NO Safe — for an RWA chain, multisig custody is the conspicuous missing piece institutions require. TVL minimal (~$166K).",CASE_4,"hey [Name], Vic from Protofire DAO. been following Asset Chain and had a look at the stack. Asset Chain Swap already gives you a Uniswap-v3 fork, but there's no Safe multisig on Asset Chain. at this stage the highest-leverage move is probably a proper Safe deployment — it's what signals to protocols, DAOs and bridges that a chain is serious, and it unlocks the kind of TVL that makes a DEX worth running. for a chain built around RWAs, a Safe multisig is exactly what institutional asset partners require before custodying value on you. we've deployed Safe for 130+ networks including Gnosis and others — fast to ship, low friction. open to a quick chat?","hey [Name], following up on the Safe idea for Asset Chain — genuinely low-lift on our end, and it's the piece bridges/protocols look for first. worth a quick call?","Hi [Name] — Vic at Protofire DAO. For Asset Chain, a proper Safe multisig is probably the highest-leverage next step to signal you're serious. Open to a chat?","Thanks for connecting, [Name]. Had a look at Asset Chain — Asset Chain Swap already gives you a Uniswap-v3 fork, but there's no Safe multisig on Asset Chain. At this stage a proper Safe is the move: it's what protocols, DAOs and bridges look for, and it unlocks the TVL that makes a DEX worth running. for a chain built around RWAs, a Safe multisig is exactly what institutional asset partners require before custodying value on you. We've deployed Safe for 130+ networks — fast, low friction. Open to a quick chat?","Hey [Name], no pressure — the Safe deploy is quick and low-cost, and it's usually the unlock for the next stage of an ecosystem. Here whenever you want to scope it.",Asset Chain Swap = UniV3 fork. No Safe (chain_id 42420). ~$166K TVL. RWA chain. CASE_4 Safe pitch.
Matchain,,EVM,L2,2 vol≠tvl,"MSwap, IncaSwap",6,10/5/2024,"$19,427 ",698,NO,YES,YES;YES,V2,MSwap: YES/V2 — described as a Uniswap V2 fork DEX on Matchain (mswap.info). | IncaSwap: YES/V2 — classified as a UniswapV2 fork deployed on Matchain.,https://www.matchain.io,"Decentralized-AI L2 on BNB Chain (OP Stack + zk-rollup) focused on on-chain identity (MatchID), data sovereignty and AI; native token MAT (chain_id 698).","Both DEXes are Uniswap-V2 forks with no V3, and Safe is present — a clean V2->V3 upgrade for a high-activity identity/AI L2. Low DEX TVL (~$19K).",CASE_5,"hey [Name], Vic from Protofire DAO. looked at Matchain's DEX setup — you've got MSwap, IncaSwap running on V2 which is solid, but no V3 yet. worth considering: V3's concentrated liquidity attracts a different class of LPs — active managers and yield optimizers. V2 is great for passive liquidity, but V3 is what pulls in sophisticated market makers. as identity/AI activity drives token flow, V3 concentrated liquidity is what lets market makers quote your pairs efficiently. we've deployed V3 on 12+ chains and can layer it on top of your existing V2 — same familiar UI, same stack, just more powerful. usually 2–4 weeks. open to a quick chat?","hey [Name], circling back on the V3 idea for Matchain — we can layer it on MSwap, IncaSwap without disrupting your current V2 pools. want me to send a quick scope?","Hi [Name] — Vic at Protofire DAO. Matchain has MSwap, IncaSwap on V2 but no V3 yet; V3 is what pulls in active LPs/market makers. We can layer it on. Worth a chat?","Thanks for connecting, [Name]. Saw Matchain runs MSwap, IncaSwap on V2 — solid, but no V3. as identity/AI activity drives token flow, V3 concentrated liquidity is what lets market makers quote your pairs efficiently. V3's concentrated liquidity brings in active managers and yield optimizers that V2 alone won't. We've deployed V3 on 12+ chains and can layer it on your existing V2 (same UI, ~2–4 weeks). Open to a quick chat?","Hey [Name], no rush — whenever you want to give Matchain's LPs a V3 option on top of MSwap, IncaSwap, it's a clean add-on for us. Happy to share how it went on other chains.",MSwap + IncaSwap both UniV2. Safe present (chain_id 698). ~$19K TVL. CASE_5 V2->V3.
HeLa,,EVM,L1,1,cytoswap,3,10/4/2024,"$117,091 ",8668,NO,NO,YES,V3,"cytoswap: YES/V3 — GitHub org hela-cytoswap hosts cytoswap-v3-staker (a direct analog of Uniswap's v3-staker) and advertises a V3 canonical staking contract with concentrated-liquidity pools, indicating a Uniswap V3 fork; no clear V2.",https://helalabs.com,"EVM L1 using a fiat/USDC-backed stablecoin (HLUSD) as native gas token, with a separate finite-supply $HELA token; (chain_id 8668).",Runs a Uniswap-V3 fork (cytoswap) but has NO Safe — multisig custody is the gap; TVL minimal (~$117K). Unusual stablecoin-gas model but EVM-compatible.,CASE_4,"hey [Name], Vic from Protofire DAO. been following HeLa and had a look at the stack. cytoswap already gives you a Uniswap-v3 fork, but there's no Safe multisig on HeLa. at this stage the highest-leverage move is probably a proper Safe deployment — it's what signals to protocols, DAOs and bridges that a chain is serious, and it unlocks the kind of TVL that makes a DEX worth running. with a fiat-backed stablecoin as gas, a proper Safe is the custody layer institutions and bridges expect before routing value through you. we've deployed Safe for 130+ networks including Gnosis and others — fast to ship, low friction. open to a quick chat?","hey [Name], following up on the Safe idea for HeLa — genuinely low-lift on our end, and it's the piece bridges/protocols look for first. worth a quick call?","Hi [Name] — Vic at Protofire DAO. For HeLa, a proper Safe multisig is probably the highest-leverage next step to signal you're serious. Open to a chat?","Thanks for connecting, [Name]. Had a look at HeLa — cytoswap already gives you a Uniswap-v3 fork, but there's no Safe multisig on HeLa. At this stage a proper Safe is the move: it's what protocols, DAOs and bridges look for, and it unlocks the TVL that makes a DEX worth running. with a fiat-backed stablecoin as gas, a proper Safe is the custody layer institutions and bridges expect before routing value through you. We've deployed Safe for 130+ networks — fast, low friction. Open to a quick chat?","Hey [Name], no pressure — the Safe deploy is quick and low-cost, and it's usually the unlock for the next stage of an ecosystem. Here whenever you want to scope it.",cytoswap = UniV3 fork (v3-staker). No Safe (chain_id 8668). ~$117K TVL. CASE_4 Safe pitch.
Electroneum,,EVM,L1,2 vol≠tvl,"ElectroSwap V3, ElectroSwap V2",2,9/14/2024,"$139,551 ",52014,NO,NO,YES;YES,BOTH,"ElectroSwap V3/V2: YES/BOTH — ElectroSwap docs state it is 'built on the solid foundation of Uniswap V2 and V3', offering both V2 pools and V3 concentrated liquidity on the Electroneum Smart Chain.",https://electroneum.com,"Mobile-focused EVM L1 (Electroneum Smart Chain, IBFT) aimed at financial inclusion for the unbanked; native token ETN (chain_id 52014).",Already runs a canonical Uniswap V2+V3 fork (ElectroSwap) but has NO Safe — the gap is multisig custody; TVL minimal (~$140K).,CASE_4,"hey [Name], Vic from Protofire DAO. been following Electroneum and had a look at the stack. ElectroSwap already covers Uniswap V2+V3, but there's no Safe multisig on Electroneum. at this stage the highest-leverage move is probably a proper Safe deployment — it's what signals to protocols, DAOs and bridges that a chain is serious, and it unlocks the kind of TVL that makes a DEX worth running. for a chain focused on financial inclusion, a Safe multisig is what signals to partners and bridges that treasury custody is done properly. we've deployed Safe for 130+ networks including Gnosis and others — fast to ship, low friction. open to a quick chat?","hey [Name], following up on the Safe idea for Electroneum — genuinely low-lift on our end, and it's the piece bridges/protocols look for first. worth a quick call?","Hi [Name] — Vic at Protofire DAO. For Electroneum, a proper Safe multisig is probably the highest-leverage next step to signal you're serious. Open to a chat?","Thanks for connecting, [Name]. Had a look at Electroneum — ElectroSwap already covers Uniswap V2+V3, but there's no Safe multisig on Electroneum. At this stage a proper Safe is the move: it's what protocols, DAOs and bridges look for, and it unlocks the TVL that makes a DEX worth running. for a chain focused on financial inclusion, a Safe multisig is what signals to partners and bridges that treasury custody is done properly. We've deployed Safe for 130+ networks — fast, low friction. Open to a quick chat?","Hey [Name], no pressure — the Safe deploy is quick and low-cost, and it's usually the unlock for the next stage of an ecosystem. Here whenever you want to scope it.",ElectroSwap = UniV2+V3. No Safe (chain_id 52014). ~$140K TVL. CASE_4 Safe pitch (DEX already covered).
Polynomial,,EVM,L1,1 vol≠tvl,Polynomial Liquidity,2,9/13/2024,"$594,110 ",8008,NO,YES,NO,—,"Polynomial Liquidity: NO — Polynomial is a decentralized perpetuals/derivatives exchange (pool-based perps AMM upgrading to an orderbook), not a spot Uniswap AMM (polynomial.fi). Beware lookalike phishing domain 'polynominaldex.xyz'.",https://www.polynomial.fi,"OP-Stack L2 in the Optimism Superchain purpose-built to hyperscale on-chain derivatives (perps, options, structured vaults) with unified liquidity; (chain_id 8008).","Safe present and meaningful TVL (~$594K), but liquidity is perps/derivatives — there's no spot AMM, so a canonical Uniswap would add the spot-swap venue the chain lacks.",CASE_2,"hey [Name], Vic from Protofire DAO — we build core infra for EVM chains. had a look at Polynomial's stack — you've got Safe covered, but no canonical Uniswap DEX yet. your liquidity today is perps/derivatives — there's no spot AMM, so a canonical Uniswap v2+v3 gives your users and LPs an actual spot-swap venue. without one, your swap volume is leaking to other chains and your LPs don't have a proper interface to manage positions. we deploy Uniswap v2+v3 end-to-end — contracts, routing API, graph node, frontend, and the canonical DAO governance proposal that gets your DEX officially recognized. done this for BOB, MODE, Abstract, Zora and others. whitelabel on your domain or shared UI — 2–4 weeks either way. open to a quick sync?","hey [Name], following up on the Uniswap idea for Polynomial — end-to-end deploy on our side, and it plugs the swap-volume leak. worth a quick call?",Hi [Name] — Vic at Protofire DAO. Polynomial has Safe covered but no canonical Uniswap DEX yet; that's usually where swap volume leaks. Worth a chat?,"Thanks for connecting, [Name]. Had a look at Polynomial — you've got Safe covered, but no canonical Uniswap DEX yet. your liquidity today is perps/derivatives — there's no spot AMM, so a canonical Uniswap v2+v3 gives your users and LPs an actual spot-swap venue. We deploy Uniswap v2+v3 end-to-end — contracts, routing API, graph node, frontend, plus the canonical DAO proposal that gets it officially recognized. Done this for BOB, MODE, Abstract, Zora. Whitelabel or shared UI, ~2–4 weeks. Open to a quick sync?","Hey [Name], no rush — the Uniswap deploy is end-to-end on our side and tends to stop the swap-volume leak to other chains. Here whenever you want to scope it.","Polynomial = perps/derivatives DEX, not spot AMM (not Uniswap). Safe present (chain_id 8008). ~$594K TVL. CASE_2 cold Uniswap (spot venue). Note phishing lookalike polynominaldex.xyz."
Dymension,,EVM,L1,1 vol≠tvl,Dymension DEX,4,8/28/2024,"$156,950 ",—,NO,UNCLEAR,NO,—,"Dymension DEX: NO — the 'DEX' is a native AMM module in the Dymension Hub for shared RollApp/IRO liquidity, a Cosmos-SDK Balancer/Osmosis-GAMM-style AMM, not a Uniswap fork. No EVM chainId at the Hub level (EVM exists only at individual RollApps).",https://dymension.xyz,Modular Cosmos-SDK 'chain launchpad' settlement hub (network of RollApps) providing shared security and liquidity via a built-in AMM; native token DYM.,"Poor fit — the Hub is Cosmos-SDK (no EVM chainId), so canonical Safe/Uniswap can't deploy to the Hub itself, and its native AMM already serves swaps; EVM only exists per-RollApp. Manual review needed.",CASE_4,"hey [Name], Vic from Protofire DAO. been following Dymension and had a look at the stack. your Hub AMM is a Cosmos-style module, not an EVM Uniswap, but there's no Safe multisig on Dymension. at this stage the highest-leverage move is probably a proper Safe deployment — it's what signals to protocols, DAOs and bridges that a chain is serious, and it unlocks the kind of TVL that makes a DEX worth running. the honest first question is which EVM RollApp we'd target — at that layer a Safe and canonical Uniswap make sense, but the Hub itself is Cosmos-SDK. we've deployed Safe for 130+ networks including Gnosis and others — fast to ship, low friction. open to a quick chat?","hey [Name], following up on the Safe idea for Dymension — genuinely low-lift on our end, and it's the piece bridges/protocols look for first. worth a quick call?","Hi [Name] — Vic at Protofire DAO. For Dymension, a proper Safe multisig is probably the highest-leverage next step to signal you're serious. Open to a chat?","Thanks for connecting, [Name]. Had a look at Dymension — your Hub AMM is a Cosmos-style module, not an EVM Uniswap, but there's no Safe multisig on Dymension. At this stage a proper Safe is the move: it's what protocols, DAOs and bridges look for, and it unlocks the TVL that makes a DEX worth running. the honest first question is which EVM RollApp we'd target — at that layer a Safe and canonical Uniswap make sense, but the Hub itself is Cosmos-SDK. We've deployed Safe for 130+ networks — fast, low friction. Open to a quick chat?","Hey [Name], no pressure — the Safe deploy is quick and low-cost, and it's usually the unlock for the next stage of an ecosystem. Here whenever you want to scope it.","Dymension Hub = Cosmos-SDK, no EVM chainId; native AMM = Osmosis/Balancer-style (not Uniswap). Safe/Uniswap only deployable at individual EVM RollApp level. MANUAL REVIEW — likely mis-scoped fit. CASE_4 tentative."
Neo X Mainnet,,EVM,L1,2 vol≠tvl,"Carrot Swap, Asteroneo",2,8/27/2024,"$7,533 ",47763,NO,YES,YES;YES,V2,Carrot Swap: YES/V2 — launched a Uniswap-V2-style CPMM (CLMM/Stable on roadmap) per Carrot docs. | Asteroneo: YES/V2 — explicitly 'modeled off Uniswap V2's code' (Neo News Today).,https://neox.org,"EVM-compatible sidechain of Neo with dBFT finality, using GAS as native/gas token; brings DeFi to the Neo ecosystem (chain_id 47763).","Two live Uniswap-V2 forks (Carrot, Asteroneo) with no V3, and Safe present — a clean V2->V3 upgrade; low TVL (~$7.5K) tempers upside.",CASE_5,"hey [Name], Vic from Protofire DAO. looked at Neo X Mainnet's DEX setup — you've got Carrot Swap, Asteroneo running on V2 which is solid, but no V3 yet. worth considering: V3's concentrated liquidity attracts a different class of LPs — active managers and yield optimizers. V2 is great for passive liquidity, but V3 is what pulls in sophisticated market makers. both your DEXes are V2 today — layering V3 on top is what pulls in the active LPs and market makers a maturing Neo DeFi scene needs. we've deployed V3 on 12+ chains and can layer it on top of your existing V2 — same familiar UI, same stack, just more powerful. usually 2–4 weeks. open to a quick chat?","hey [Name], circling back on the V3 idea for Neo X Mainnet — we can layer it on Carrot Swap, Asteroneo without disrupting your current V2 pools. want me to send a quick scope?","Hi [Name] — Vic at Protofire DAO. Neo X Mainnet has Carrot Swap, Asteroneo on V2 but no V3 yet; V3 is what pulls in active LPs/market makers. We can layer it on. Worth a chat?","Thanks for connecting, [Name]. Saw Neo X Mainnet runs Carrot Swap, Asteroneo on V2 — solid, but no V3. both your DEXes are V2 today — layering V3 on top is what pulls in the active LPs and market makers a maturing Neo DeFi scene needs. V3's concentrated liquidity brings in active managers and yield optimizers that V2 alone won't. We've deployed V3 on 12+ chains and can layer it on your existing V2 (same UI, ~2–4 weeks). Open to a quick chat?","Hey [Name], no rush — whenever you want to give Neo X Mainnet's LPs a V3 option on top of Carrot Swap, Asteroneo, it's a clean add-on for us. Happy to share how it went on other chains.",Carrot Swap + Asteroneo both UniV2. Safe present (chain_id 47763). ~$7.5K TVL. CASE_5 V2->V3.
LaChain Network,,EVM,L1,1 vol≠tvl,MateSwap,2,8/16/2024,"$44,865 ",274,NO,YES,UNCLEAR,UNKNOWN,"MateSwap: UNCLEAR — described as the first Argentine DEX on LaChain (trade/stake/farm, a classic UniV2-fork pattern), but site unreachable and no contract-level evidence; a same-named 'Mate' GitBook describes a BSC BEP-20 token + multi-AMM aggregation, so identity is ambiguous.",https://www.lachain.network,"EVM-compatible chain built by a LatAm consortium ('built in LatAm, for LatAm') for regional DeFi/payments; native token LAC (chain_id 274).","Safe present on a regional-adoption L1, but MateSwap's fork lineage is unverified and TVL modest (~$45K) — exploratory; confirm the DEX stack first.",CASE_6,"hey [Name], Vic from Protofire DAO — we deploy core DeFi infra for EVM chains. had a look at LaChain Network and saw MateSwap is your DEX but its underlying stack couldn't be verified. curious what it's built on under the hood? depending on the stack there might be a straightforward path to canonical Uniswap DAO recognition, which gets you prioritized by aggregators like 1inch and adds the official DAO badge. for a LatAm-focused chain, a canonical DAO-recognized Uniswap would give regional builders an aggregator-visible, audited liquidity layer. we've done this for BOB, Abstract, Nibiru and others. if it's already a Uniswap fork we can potentially work with what you have. worth a quick chat?","hey [Name], following up — even a quick note on what MateSwap runs on would help me tell you if there's a clean path to canonical recognition for LaChain Network. no pressure.",Hi [Name] — Vic at Protofire DAO. Curious what LaChain Network's DEX runs on under the hood — there may be a clean path to canonical Uniswap DAO recognition. Worth a chat?,"Thanks for connecting, [Name]. Saw MateSwap is your DEX but its underlying stack couldn't be verified on LaChain Network. for a LatAm-focused chain, a canonical DAO-recognized Uniswap would give regional builders an aggregator-visible, audited liquidity layer. Curious what it's built on — depending on the stack there may be a straightforward path to canonical Uniswap DAO recognition (aggregator prioritization + official badge). We've done this for BOB, Abstract, Nibiru. If it's already a Uniswap fork we can work with what you have. Worth a quick chat?","Hey [Name], no rush — if you can point me to MateSwap's docs or repo I can tell you quickly whether canonical recognition is on the table for LaChain Network. Happy either way.",MateSwap lineage unclear (site unreachable; name collision). Safe present (chain_id 274). ~$45K TVL. CASE_6 exploratory.
Saakuru,,EVM,L1,1 vol≠tvl,Taffy Finance,1,7/22/2024,"$84,216 ",7225878,YES,YES,YES,V2,"Taffy Finance: YES/V2 — explicitly 'a fork of Uniswap v2' with a 0.3% trade fee, tailored for GameFi/gasless trading on Saakuru (Saakuru Labs Medium 'Introducing Taffy DEX').",https://saakuru.com,Gasless EVM L2 (over the Oasys ecosystem; pairs settle in WOAS) focused on GameFi and Web2-friendly dApps; (chain_id 7225878).,Warm — Protofire already deployed Safe (safe_protofire=YES). Runs a Uniswap-V2 fork (Taffy) with no V3 — a clean V2->V3 upgrade on an existing relationship; gasless GameFi focus supports DeFi tooling.,CASE_5,"hey [Name], Vic from Protofire DAO. looked at Saakuru's DEX setup — you've got Taffy Finance running on V2 which is solid, but no V3 yet. worth considering: V3's concentrated liquidity attracts a different class of LPs — active managers and yield optimizers. V2 is great for passive liquidity, but V3 is what pulls in sophisticated market makers. since we already deployed your Safe, layering V3 onto Taffy is a natural next step — concentrated liquidity gives your GameFi pairs tighter pricing. we've deployed V3 on 12+ chains and can layer it on top of your existing V2 — same familiar UI, same stack, just more powerful. usually 2–4 weeks. open to a quick chat?","hey [Name], circling back on the V3 idea for Saakuru — we can layer it on Taffy Finance without disrupting your current V2 pools. want me to send a quick scope?",Hi [Name] — Vic at Protofire DAO. Saakuru has Taffy Finance on V2 but no V3 yet; V3 is what pulls in active LPs/market makers. We can layer it on. Worth a chat?,"Thanks for connecting, [Name]. Saw Saakuru runs Taffy Finance on V2 — solid, but no V3. since we already deployed your Safe, layering V3 onto Taffy is a natural next step — concentrated liquidity gives your GameFi pairs tighter pricing. V3's concentrated liquidity brings in active managers and yield optimizers that V2 alone won't. We've deployed V3 on 12+ chains and can layer it on your existing V2 (same UI, ~2–4 weeks). Open to a quick chat?","Hey [Name], no rush — whenever you want to give Saakuru's LPs a V3 option on top of Taffy Finance, it's a clean add-on for us. Happy to share how it went on other chains.","safe_protofire=YES (WARM). Taffy Finance = UniV2 fork, no V3. ~$84K TVL. CASE_5 V2->V3 with warm Safe angle."
Mint,,EVM,L1,1,MintSwap Finance,4,6/25/2024,—,185,YES,YES,YES,V3,"MintSwap Finance: YES/V3 — the MintSwapFinance GitHub org hosts mintswap-v3-core and mintswap-v3-periphery, direct forks of Uniswap v3-core/v3-periphery (canonical V3 concentrated-liquidity contracts); no V2 repo.",https://www.mintswap.finance,"Ethereum OP-Stack L2 in the Optimism Superchain focused on NFTs/NFTFi (Mintverse ecosystem), ETH-denominated UX; (chain_id 185).",Warm — Protofire already deployed Safe (safe_protofire=YES). Runs a canonical Uniswap V3 fork (MintSwap) — strong fit for canonical DAO recognition + tooling on an existing relationship.,CASE_6,"hey [Name], Vic from Protofire DAO — we deploy core DeFi infra for EVM chains. had a look at Mint and saw we deployed your Safe already, and MintSwap runs a canonical Uniswap V3 fork. curious what it's built on under the hood? depending on the stack there might be a straightforward path to canonical Uniswap DAO recognition, which gets you prioritized by aggregators like 1inch and adds the official DAO badge. since we already run your Safe and MintSwap is a clean Uniswap v3 fork, the natural next step is canonical DAO recognition so aggregators prioritize your NFTFi liquidity. we've done this for BOB, Abstract, Nibiru and others. if it's already a Uniswap fork we can potentially work with what you have. worth a quick chat?","hey [Name], following up — even a quick note on what MintSwap Finance runs on would help me tell you if there's a clean path to canonical recognition for Mint. no pressure.",Hi [Name] — Vic at Protofire DAO. Curious what Mint's DEX runs on under the hood — there may be a clean path to canonical Uniswap DAO recognition. Worth a chat?,"Thanks for connecting, [Name]. Saw we deployed your Safe already, and MintSwap runs a canonical Uniswap V3 fork on Mint. since we already run your Safe and MintSwap is a clean Uniswap v3 fork, the natural next step is canonical DAO recognition so aggregators prioritize your NFTFi liquidity. Curious what it's built on — depending on the stack there may be a straightforward path to canonical Uniswap DAO recognition (aggregator prioritization + official badge). We've done this for BOB, Abstract, Nibiru. If it's already a Uniswap fork we can work with what you have. Worth a quick chat?","Hey [Name], no rush — if you can point me to MintSwap Finance's docs or repo I can tell you quickly whether canonical recognition is on the table for Mint. Happy either way.",safe_protofire=YES (WARM). MintSwap = direct UniV3 fork (v3-core/periphery). No tracked TVL. CASE_6 canonical recognition + warm Safe.
AILayer,,EVM,L1,1 vol≠tvl,AINN Swap,7,6/24/2024,"$89,652 ",2649,NO,NO,,,,,,,,,,,,,Beyond first-30 research scope (STEP 3/5/6 not run). STEP 1/2 computed.
Rari,,EVM,L1,2,"Camelot V3, Camelot V2",4,6/18/2024,"$8,387 ",1380012617,NO,NO,,,,,,,,,,,,,Beyond first-30 research scope (STEP 3/5/6 not run). STEP 1/2 computed.
Ham,,EVM,L1,1 vol≠tvl,BBQSwap,1,6/11/2024,"$2,929 ",5112,NO,NO,,,,,,,,,,,,,Beyond first-30 research scope (STEP 3/5/6 not run). STEP 1/2 computed.
LUKSO,,EVM,L1,2 vol≠tvl,"Phlox, Universal Swaps",7,6/5/2024,"$36,859 ",42,NO,YES,,,,,,,,,,,,,Beyond first-30 research scope (STEP 3/5/6 not run). STEP 1/2 computed.
Genesys,,EVM,L1,1 vol≠tvl,BlueLotusDao DEX,2,5/29/2024,—,16507,NO,NO,,,,,,,,,,,,,Beyond first-30 research scope (STEP 3/5/6 not run). STEP 1/2 computed.
re.al,,EVM,L2,2,"Pearl V2, Pearl V1.5",10,5/23/2024,—,111188,YES,YES,,,,,,,,,,,,,Beyond first-30 research scope (STEP 3/5/6 not run). STEP 1/2 computed.
BounceBit,,EVM,L1,2 vol≠tvl,"BounceBit Swap V3, BounceBit Swap V2",13,5/16/2024,"$688,730 ",6001,NO,YES,,,,,,,,,,,,,Beyond first-30 research scope (STEP 3/5/6 not run). STEP 1/2 computed.
Endurance,,EVM,L1,2 vol≠tvl,"Catalist DEX, Tesseract World",4,5/9/2024,$26 ,648,NO,YES,,,,,,,,,,,,,Beyond first-30 research scope (STEP 3/5/6 not run). STEP 1/2 computed.
Planq,,EVM,L1,2 vol≠tvl,"Ciento Exchange, Physica Finance",2,4/19/2024,"$5,259 ",7070,NO,YES,,,,,,,,,,,,,Beyond first-30 research scope (STEP 3/5/6 not run). STEP 1/2 computed.
Ancient8,,EVM,L1,2 vol≠tvl,"Baryon Network, Ancient8 Swap",3,4/16/2024,"$38,010 ",888888888,NO,YES,,,,,,,,,,,,,Beyond first-30 research scope (STEP 3/5/6 not run). STEP 1/2 computed.
HAQQ,,EVM,L1,1 vol≠tvl,SushiSwap,5,4/4/2024,$11 ,11235,NO,YES,,,,,,,,,,,,,Beyond first-30 research scope (STEP 3/5/6 not run). STEP 1/2 computed.
RSS3,,EVM,L1,1 vol≠tvl,Openswap VSL,1,3/26/2024,—,—,NO,UNCLEAR,,,,,,,,,,,,,Beyond first-30 research scope (STEP 3/5/6 not run). STEP 1/2 computed.
DeFiChain EVM,,EVM,L1,2,"VanillaSwap V2, VanillaSwap V3",3,3/25/2024,"$97,150 ",1130,NO,NO,,,,,,,,,,,,,Beyond first-30 research scope (STEP 3/5/6 not run). STEP 1/2 computed.
Bahamut,,EVM,L1,2 vol≠tvl,"SilkSwap, Kujata",8,3/22/2024,—,—,NO,UNCLEAR,,,,,,,,,,,,,Beyond first-30 research scope (STEP 3/5/6 not run). STEP 1/2 computed.
Immutable zkEVM,,EVM,L1,2,"Quickswap V3, WarpGate",5,3/22/2024,"$11,241,448 ",13371,YES,YES,,,,,,,,,,,,,Beyond first-30 research scope (STEP 3/5/6 not run). STEP 1/2 computed.
Q Protocol,,EVM,L1,1 vol≠tvl,Elk,4,3/14/2024,"$9,376 ",35441,NO,YES,,,,,,,,,,,,,Beyond first-30 research scope (STEP 3/5/6 not run). STEP 1/2 computed.
inEVM,,EVM,L1,3 vol≠tvl,"Poolshark, DackieSwap V3, DackieSwap V2",7,3/12/2024,—,2525,NO,NO,,,,,,,,,,,,,Beyond first-30 research scope (STEP 3/5/6 not run). STEP 1/2 computed. chain_id 2525 labeled 'BB1' in Protofire repo; not treated as a Protofire match.
DeFiVerse,,EVM,L1,1,Gaming DEX,1,3/8/2024,—,16116,NO,NO,,,,,,,,,,,,,Beyond first-30 research scope (STEP 3/5/6 not run). STEP 1/2 computed.
Bitrock,,EVM,L1,1,Rockswap,4,3/1/2024,—,7171,NO,YES,,,,,,,,,,,,,Beyond first-30 research scope (STEP 3/5/6 not run). STEP 1/2 computed.
Bitnet,,EVM,L1,1 vol≠tvl,Xenwave,1,1/27/2024,—,—,NO,UNCLEAR,,,,,,,,,,,,,Beyond first-30 research scope (STEP 3/5/6 not run). STEP 1/2 computed.
AirDAO,,EVM,L1,2 vol≠tvl,"FirepotSwap, Astra",6,1/16/2024,—,16718,NO,NO,,,,,,,,,,,,,Beyond first-30 research scope (STEP 3/5/6 not run). STEP 1/2 computed.
JBC,,EVM,L1,3 vol≠tvl,"Junoswap.trade, JIBSWAP, CommuDAO GameSwap",4,12/25/2023,"$5,850 ",—,NO,UNCLEAR,,,,,,,,,,,,,Beyond first-30 research scope (STEP 3/5/6 not run). STEP 1/2 computed.
Horizen EON,,EVM,L1,3,"SpookySwap V2, Ascent Exchange V1, Ascent Exchange V3",7,11/8/2023,—,7332,YES,YES,,,,,,,,,,,,,Beyond first-30 research scope (STEP 3/5/6 not run). STEP 1/2 computed.
Omax,,EVM,L1,1,Omax Swap,2,10/31/2023,"$12,494 ",—,NO,UNCLEAR,,,,,,,,,,,,,Beyond first-30 research scope (STEP 3/5/6 not run). STEP 1/2 computed.
ETHF,,EVM,L1,1 vol≠tvl,Sdex,1,10/23/2023,—,—,NO,UNCLEAR,,,,,,,,,,,,,Beyond first-30 research scope (STEP 3/5/6 not run). STEP 1/2 computed.
MEER,,EVM,L1,1,CandySwap,1,10/23/2023,—,—,NO,UNCLEAR,,,,,,,,,,,,,Beyond first-30 research scope (STEP 3/5/6 not run). STEP 1/2 computed.
Elysium,,EVM,L1,1 vol≠tvl,ElysiumSwap,1,10/23/2023,"$18,415 ",—,NO,UNCLEAR,,,,,,,,,,,,,Beyond first-30 research scope (STEP 3/5/6 not run). STEP 1/2 computed.
Bifrost Network,,EVM,L1,1,Everdex,5,10/18/2023,"$13,258,192 ",—,NO,UNCLEAR,,,,,,,,,,,,,Beyond first-30 research scope (STEP 3/5/6 not run). STEP 1/2 computed.
Dexalot,,EVM,L1,1,Dexalot DEX,1,10/13/2023,"$1,786,555 ",432204,NO,NO,,,,,,,,,,,,,Beyond first-30 research scope (STEP 3/5/6 not run). STEP 1/2 computed.
Beam,,EVM,L1,2 vol≠tvl,"Beam Swap, Inferno Swap",2,10/10/2023,"$1,013,418 ",4337,YES,YES,,,,,,,,,,,,,Beyond first-30 research scope (STEP 3/5/6 not run). STEP 1/2 computed.
Kroma,,EVM,L2,2 vol≠tvl,"iZiSwap, Prixmswap",8,9/16/2023,—,255,YES,YES,,,,,,,,,,,,,Beyond first-30 research scope (STEP 3/5/6 not run). STEP 1/2 computed.
Pego,,EVM,L1,1 vol≠tvl,W3swap,2,9/13/2023,"$47,690 ",—,NO,UNCLEAR,,,,,,,,,,,,,Beyond first-30 research scope (STEP 3/5/6 not run). STEP 1/2 computed.
Darwinia,,EVM,L1,1 vol≠tvl,SnowSwap AMM,1,9/9/2023,"$4,236 ",—,NO,UNCLEAR,,,,,,,,,,,,,Beyond first-30 research scope (STEP 3/5/6 not run). STEP 1/2 computed.
DSC,,EVM,L1,1 vol≠tvl,AmpleSwap,1,9/2/2023,—,—,NO,UNCLEAR,,,,,,,,,,,,,Beyond first-30 research scope (STEP 3/5/6 not run). STEP 1/2 computed.
ALV,,EVM,L1,2 vol≠tvl,"AmpleSwap, Alvey Dex",2,8/26/2023,—,—,NO,UNCLEAR,,,,,,,,,,,,,Beyond first-30 research scope (STEP 3/5/6 not run). STEP 1/2 computed.
Aura Network,,EVM,L1,2 vol≠tvl,"HaloTrade Cosmos, HaloTrade EVM",3,8/9/2023,"$19,776 ",—,NO,UNCLEAR,,,,,,,,,,,,,Beyond first-30 research scope (STEP 3/5/6 not run). STEP 1/2 computed.
Tenet,,EVM,L1,2 vol≠tvl,"Tenx, Tendie Swap",3,7/11/2023,—,—,YES,UNCLEAR,,,,,,,,,,,,,Beyond first-30 research scope (STEP 3/5/6 not run). STEP 1/2 computed.
Rollux,,EVM,L1,2 vol≠tvl,"Chainge Finance, PegaSys V3",5,6/30/2023,"$12,169,897 ",—,NO,UNCLEAR,,,,,,,,,,,,,Beyond first-30 research scope (STEP 3/5/6 not run). STEP 1/2 computed.
ENULS,,EVM,L1,1,PheasantSwap,3,4/26/2023,—,—,NO,UNCLEAR,,,,,,,,,,,,,Beyond first-30 research scope (STEP 3/5/6 not run). STEP 1/2 computed.
Oasys,,EVM,L1,3 vol≠tvl,"Gaming DEX, Tealswap V3, Tealswap V2",7,4/23/2023,"$497,372 ",—,NO,UNCLEAR,,,,,,,,,,,,,Beyond first-30 research scope (STEP 3/5/6 not run). STEP 1/2 computed.
Loop,,EVM,L1,2 vol≠tvl,"Sphynx, ZukeSwap",2,3/21/2023,"$21,640 ",—,NO,UNCLEAR,,,,,,,,,,,,,Beyond first-30 research scope (STEP 3/5/6 not run). STEP 1/2 computed.
Lung,,EVM,L1,1 vol≠tvl,Lunagens,1,3/11/2023,—,78887,NO,NO,,,,,,,,,,,,,Beyond first-30 research scope (STEP 3/5/6 not run). STEP 1/2 computed.
Crab,,EVM,L1,1 vol≠tvl,SnowSwap AMM,1,3/9/2023,"$2,301 ",44,NO,YES,,,,,,,,,,,,,Beyond first-30 research scope (STEP 3/5/6 not run). STEP 1/2 computed.
Bitindi,,EVM,L1,1 vol≠tvl,Bitindi Dex,2,1/26/2023,—,—,NO,UNCLEAR,,,,,,,,,,,,,Beyond first-30 research scope (STEP 3/5/6 not run). STEP 1/2 computed.
Zeniq,,EVM,L1,1 vol≠tvl,Zeniq Swap,1,1/15/2023,—,—,NO,UNCLEAR,,,,,,,,,,,,,Beyond first-30 research scope (STEP 3/5/6 not run). STEP 1/2 computed.
Boba_Bnb,,EVM,L1,1 vol≠tvl,SushiSwap,1,12/24/2022,—,—,YES,UNCLEAR,,,,,,,,,,,,,Beyond first-30 research scope (STEP 3/5/6 not run). STEP 1/2 computed.
Empire,,EVM,L1,1 vol≠tvl,EmpireDEX,1,12/23/2022,—,—,NO,UNCLEAR,,,,,,,,,,,,,Beyond first-30 research scope (STEP 3/5/6 not run). STEP 1/2 computed.
Dexit,,EVM,L1,1 vol≠tvl,Dexit Finance Swap,3,12/14/2022,—,—,NO,UNCLEAR,,,,,,,,,,,,,Beyond first-30 research scope (STEP 3/5/6 not run). STEP 1/2 computed.
Step,,EVM,L1,1,Step Exchange,2,11/25/2022,"$24,560 ",—,NO,UNCLEAR,,,,,,,,,,,,,Beyond first-30 research scope (STEP 3/5/6 not run). STEP 1/2 computed.
Onus,,EVM,L1,3 vol≠tvl,"Defily Dex, Heraswap, MiaSwap",5,11/12/2022,"$284,925 ",—,NO,UNCLEAR,,,,,,,,,,,,,Beyond first-30 research scope (STEP 3/5/6 not run). STEP 1/2 computed.
MUUCHAIN,,EVM,L1,1 vol≠tvl,BarnSwap,1,11/8/2022,—,20402,NO,NO,,,,,,,,,,,,,Beyond first-30 research scope (STEP 3/5/6 not run). STEP 1/2 computed.
Milkomeda A1,,EVM,L1,2 vol≠tvl,"Blueshift, BrightSide",3,10/27/2022,"$1,146 ",2002,NO,YES,,,,,,,,,,,,,Beyond first-30 research scope (STEP 3/5/6 not run). STEP 1/2 computed.
Kekchain,,EVM,L1,2 vol≠tvl,"Frog Swap, KekSwap",3,10/23/2022,—,420420,NO,NO,,,,,,,,,,,,,Beyond first-30 research scope (STEP 3/5/6 not run). STEP 1/2 computed.
Cube,,EVM,L1,1,Capricorn Finance,3,9/26/2022,—,1818,NO,NO,,,,,,,,,,,,,Beyond first-30 research scope (STEP 3/5/6 not run). STEP 1/2 computed.
Vision,,EVM,L1,1,VanSwap,2,9/6/2022,—,—,NO,UNCLEAR,,,,,,,,,,,,,Beyond first-30 research scope (STEP 3/5/6 not run). STEP 1/2 computed.
Tombchain,,EVM,L1,1,Lif3 Swap,1,8/30/2022,"$18,219 ",—,NO,UNCLEAR,,,,,,,,,,,,,Beyond first-30 research scope (STEP 3/5/6 not run). STEP 1/2 computed.
Ultron,,EVM,L1,2,"iZiSwap, UltronSwap",3,8/29/2022,"$99,172 ",1231,NO,YES,,,,,,,,,,,,,Beyond first-30 research scope (STEP 3/5/6 not run). STEP 1/2 computed.
Bifrost,,EVM,L1,1,Bifrost DEX,4,8/27/2022,"$5,110,814 ",—,NO,UNCLEAR,,,,,,,,,,,,,Beyond first-30 research scope (STEP 3/5/6 not run). STEP 1/2 computed.
CLV,,EVM,L1,1,Huckleberry AMM,6,8/14/2022,—,1024,NO,NO,,,,,,,,,,,,,Beyond first-30 research scope (STEP 3/5/6 not run). STEP 1/2 computed.
REI,,EVM,L1,1 vol≠tvl,OortSwap,7,7/20/2022,"$1,307 ",47805,NO,YES,,,,,,,,,,,,,Beyond first-30 research scope (STEP 3/5/6 not run). STEP 1/2 computed.
Nova Network,,EVM,L1,2 vol≠tvl,"Fusion Dex, QuasarSwap",2,7/4/2022,—,87,NO,NO,,,,,,,,,,,,,Beyond first-30 research scope (STEP 3/5/6 not run). STEP 1/2 computed.
Acala,,EVM,L1,1,Acala Swap,10,6/22/2022,"$116,194 ",—,NO,UNCLEAR,,,,,,,,,,,,,Beyond first-30 research scope (STEP 3/5/6 not run). STEP 1/2 computed.
MultiVAC,,EVM,L1,2 vol≠tvl,"VAX, ABcDeFX",3,6/18/2022,"$6,654 ",—,NO,UNCLEAR,,,,,,,,,,,,,Beyond first-30 research scope (STEP 3/5/6 not run). STEP 1/2 computed.
OntologyEVM,,EVM,L1,2,"iZiSwap, UniFi",4,5/31/2022,"$2,337 ",58,NO,NO,,,,,,,,,,,,,Beyond first-30 research scope (STEP 3/5/6 not run). STEP 1/2 computed.
REIchain,,EVM,L1,1 vol≠tvl,Foodcourt,1,5/30/2022,"$1,564 ",55555,NO,NO,,,,,,,,,,,,,Beyond first-30 research scope (STEP 3/5/6 not run). STEP 1/2 computed.
Lachain,,EVM,L1,1 vol≠tvl,Ladex Exchange,3,5/25/2022,"$16,595 ",225,NO,NO,,,,,,,,,,,,,Beyond first-30 research scope (STEP 3/5/6 not run). STEP 1/2 computed.
Hydra,,EVM,L1,2,"Hydradex V2, Hydradex V3",3,4/21/2022,"$19,248 ",—,NO,UNCLEAR,,,,,,,,,,,,,Beyond first-30 research scope (STEP 3/5/6 not run). STEP 1/2 computed.
DFK,,EVM,L1,1 vol≠tvl,Crystalvale,2,4/1/2022,"$775,017 ",53935,YES,NO,,,,,,,,,,,,,Beyond first-30 research scope (STEP 3/5/6 not run). STEP 1/2 computed.
Syscoin,,EVM,L1,1,PegaSys V2,4,2/19/2022,—,57,NO,YES,,,,,,,,,,,,,Beyond first-30 research scope (STEP 3/5/6 not run). STEP 1/2 computed.
Curio,,EVM,L2,1 vol≠tvl,CapitalDEX,1,2/4/2022,—,8.36542E+14,NO,NO,,,,,,,,,,,,,Beyond first-30 research scope (STEP 3/5/6 not run). STEP 1/2 computed.
Theta,,EVM,L1,2 vol≠tvl,"ThetaSwap, VoltSwap",6,1/11/2022,"$368,579 ",361,NO,NO,,,,,,,,,,,,,Beyond first-30 research scope (STEP 3/5/6 not run). STEP 1/2 computed.
Nahmii,,EVM,L1,1 vol≠tvl,NiiFi,1,12/30/2021,"$54,496 ",5551,NO,NO,,,,,,,,,,,,,Beyond first-30 research scope (STEP 3/5/6 not run). STEP 1/2 computed.
CSC,,EVM,L1,2 vol≠tvl,"OneSwap, IFSwap",5,12/18/2021,"$274,915 ",52,NO,NO,,,,,,,,,,,,,Beyond first-30 research scope (STEP 3/5/6 not run). STEP 1/2 computed.
Callisto,,EVM,L1,1,Soy Finance,1,12/12/2021,"$4,117 ",820,NO,NO,,,,,,,,,,,,,Beyond first-30 research scope (STEP 3/5/6 not run). STEP 1/2 computed.
Godwoken,,EVM,L1,2 vol≠tvl,"YokaiSwap, StableKoi",3,12/10/2021,"$54,665 ",71394,NO,NO,,,,,,,,,,,,,Beyond first-30 research scope (STEP 3/5/6 not run). STEP 1/2 computed.
Ubiq,,EVM,L1,1 vol≠tvl,Shinobi,1,11/30/2021,—,8,NO,NO,,,,,,,,,,,,,Beyond first-30 research scope (STEP 3/5/6 not run). STEP 1/2 computed.
ZYX,,EVM,L1,1 vol≠tvl,ZYXSwap,1,11/16/2021,—,55,NO,NO,,,,,,,,,,,,,Beyond first-30 research scope (STEP 3/5/6 not run). STEP 1/2 computed.
Polis,,EVM,L1,1 vol≠tvl,Hades Swap,1,11/14/2021,—,333999,NO,YES,,,,,,,,,,,,,Beyond first-30 research scope (STEP 3/5/6 not run). STEP 1/2 computed.
Elastos,,EVM,L1,2,"Elk, Glide Finance",3,11/8/2021,"$245,162 ",20,NO,NO,,,,,,,,,,,,,Beyond first-30 research scope (STEP 3/5/6 not run). STEP 1/2 computed.
Hoo,,EVM,L1,2 vol≠tvl,"Elk, PuddingSwap",4,11/4/2021,—,70,NO,NO,,,,,,,,,,,,,Beyond first-30 research scope (STEP 3/5/6 not run). STEP 1/2 computed.
Ronin,,EVM,L1,2 vol≠tvl,"Katana DEX, Katana DEX V3",12,11/3/2021,"$14,108,113 ",2020,NO,YES,,,,,,,,,,,,,Beyond first-30 research scope (STEP 3/5/6 not run). STEP 1/2 computed.
GoChain,,EVM,L1,1 vol≠tvl,GoSwap,1,10/20/2021,"$13,165 ",60,NO,NO,,,,,,,,,,,,,Beyond first-30 research scope (STEP 3/5/6 not run). STEP 1/2 computed.
EnergyWeb,,EVM,L1,1,CarbonSwap,2,10/15/2021,"$64,058 ",246,NO,YES,,,,,,,,,,,,,Beyond first-30 research scope (STEP 3/5/6 not run). STEP 1/2 computed.
Palm,,EVM,L1,2 vol≠tvl,"SushiSwap, DONASWAP V2",2,9/14/2021,$529 ,11297108109,NO,YES,,,,,,,,,,,,,Beyond first-30 research scope (STEP 3/5/6 not run). STEP 1/2 computed.
Fusion,,EVM,L1,2 vol≠tvl,"Chainge Finance, DONASWAP V2",3,9/13/2021,—,32659,NO,NO,,,,,,,,,,,,,Beyond first-30 research scope (STEP 3/5/6 not run). STEP 1/2 computed.
HPB,,EVM,L1,1 vol≠tvl,Hpdex,1,9/7/2021,—,269,NO,NO,,,,,,,,,,,,,Beyond first-30 research scope (STEP 3/5/6 not run). STEP 1/2 computed.
Karura,,EVM,L1,1,Karura Swap,5,8/11/2021,"$69,855 ",—,NO,UNCLEAR,,,,,,,,,,,,,Beyond first-30 research scope (STEP 3/5/6 not run). STEP 1/2 computed.
Energi,,EVM,L1,1,Energiswap,3,3/27/2021,"$152,543 ",39797,NO,NO,,,,,,,,,,,,,Beyond first-30 research scope (STEP 3/5/6 not run). STEP 1/2 computed.
Bitcoin,,EVM,L1,1 vol≠tvl,Thorchain DEX,157,3/20/2021,"$5,065,609,593 ",—,NO,UNCLEAR,,,,,,,,,,,,,Beyond first-30 research scope (STEP 3/5/6 not run). STEP 1/2 computed.
